file,start_line,start_character,end_line,end_character,message
./test_code/Aggregates_CantBumpBoolList_failure.a,6,2,6,15,"Type check failure: Must have a type of 'int', 'long', 'double', 'list<int>', 'list<long>', 'list<double>'; instead got 'list<r<bool>>' (CanBumpNumeric)"
./test_code/Aggregates_CantBumpBoolList_failure.a,7,5,7,18,"Type check failure: Must have a type of 'int', 'long', 'double', 'list<int>', 'list<long>', 'list<double>'; instead got 'list<r<bool>>' (CanBumpNumeric)"
./test_code/Array_ParenthesisInvalidTypeDuringTPTC_failure.a,1,19,1,23,"Type check failure: The types 'AutoMaxRecord2' and 'bool' are not compatible for type unification (TypeCompatabilities)"
./test_code/Assets_CanAttach_failure.a,0,12,1,1,"The @can_attach handler must return a boolean (DocumentEvents)"
./test_code/Assets_Failures_failure.a,4,2,4,8,"Type 'asset' lacks field 'food' (FieldLookup)"
./test_code/Assets_Failures_failure.a,4,2,4,8,"Expression is not a function (FunctionInvoke)"
./test_code/Assets_Failures_failure.a,5,2,5,7,"Type check failure: the type 'asset' is unable to store type 'int'. (TypeCheckReferences)"
./test_code/BinaryExpression_WhenCantAdd_failure.a,17,12,17,21,"Could not find a meaning for 'long' + 'bool' (OperatorTable)"
./test_code/BinaryExpression_WhenCantAdd_failure.a,18,12,18,34,"Could not find a meaning for 'list<int>' + 'bool' (OperatorTable)"
./test_code/BinaryExpression_WhenCantAdd_failure.a,22,3,22,11,"Expression expected to be computed, rather than assigned to (Environment)"
./test_code/BinaryExpression_WhenCantAdd_failure.a,22,3,22,7,"Expression expected to be computed, rather than assigned to (Environment)"
./test_code/BinaryExpression_WhenCantAdd_failure.a,22,10,22,11,"Expression expected to be computed, rather than assigned to (Environment)"
./test_code/BinaryExpression_WhenCantAdd_failure.a,22,3,22,11,"Could not find a meaning for 'bool' + 'int' (OperatorTable)"
./test_code/BinaryExpression_WhenCantAdd_failure.a,22,17,22,23,"Could not find a meaning for 'string' / 'int' (OperatorTable)"
./test_code/BinaryExpression_WhenCantAdd_failure.a,1,11,1,23,"Could not find a meaning for 'bool' + 'bool' (OperatorTable)"
./test_code/BinaryExpression_WhenCantAdd_failure.a,2,11,2,19,"Could not find a meaning for 'bool' + 'int' (OperatorTable)"
./test_code/BinaryExpression_WhenCantAdd_failure.a,3,11,3,19,"Could not find a meaning for 'int' + 'bool' (OperatorTable)"
./test_code/BinaryExpression_WhenCantAdd_failure.a,4,11,4,21,"Could not find a meaning for 'bool' + 'double' (OperatorTable)"
./test_code/BinaryExpression_WhenCantAdd_failure.a,5,11,5,21,"Could not find a meaning for 'double' + 'bool' (OperatorTable)"
./test_code/BinaryExpression_WhenCantAdd_failure.a,6,11,6,25,"Could not find a meaning for 'bool' + 'client' (OperatorTable)"
./test_code/BinaryExpression_WhenCantAdd_failure.a,7,11,7,23,"Could not find a meaning for 'client' + '__ViewerType' (OperatorTable)"
./test_code/BinaryExpression_WhenCantCompare_failure.a,4,11,4,20,"Could not find a meaning for 'bool' == 'int' (OperatorTable)"
./test_code/BinaryExpression_WhenCantCompare_failure.a,5,11,5,20,"Could not find a meaning for 'int' == 'bool' (OperatorTable)"
./test_code/BinaryExpression_WhenCantCompare_failure.a,6,11,6,22,"Could not find a meaning for 'bool' == 'double' (OperatorTable)"
./test_code/BinaryExpression_WhenCantCompare_failure.a,7,11,7,22,"Could not find a meaning for 'double' == 'bool' (OperatorTable)"
./test_code/BinaryExpression_WhenCantCompare_failure.a,8,11,8,26,"Could not find a meaning for 'bool' == 'client' (OperatorTable)"
./test_code/BinaryExpression_WhenCantCompare_failure.a,9,11,9,24,"Could not find a meaning for 'client' == '__ViewerType' (OperatorTable)"
./test_code/BinaryExpression_WhenCantCompare_failure.a,10,10,10,22,"Type check failure: enum types are incompatible 'X' vs 'T'. (RuleSetEquality)"
./test_code/BinaryExpression_WhenCantCompare_failure.a,10,10,10,22,"Could not find a meaning for 'X' == 'T' (OperatorTable)"
./test_code/BinaryExpression_WhenCantCompare_failure.a,15,11,15,20,"Could not find a meaning for 'bool' != 'int' (OperatorTable)"
./test_code/BinaryExpression_WhenCantCompare_failure.a,16,11,16,20,"Could not find a meaning for 'int' != 'bool' (OperatorTable)"
./test_code/BinaryExpression_WhenCantCompare_failure.a,17,11,17,22,"Could not find a meaning for 'bool' != 'double' (OperatorTable)"
./test_code/BinaryExpression_WhenCantCompare_failure.a,18,11,18,22,"Could not find a meaning for 'double' != 'bool' (OperatorTable)"
./test_code/BinaryExpression_WhenCantCompare_failure.a,19,11,19,26,"Could not find a meaning for 'bool' != 'client' (OperatorTable)"
./test_code/BinaryExpression_WhenCantCompare_failure.a,20,11,20,24,"Could not find a meaning for 'client' != '__ViewerType' (OperatorTable)"
./test_code/BinaryExpression_WhenCantCompare_failure.a,21,10,21,22,"Type check failure: enum types are incompatible 'X' vs 'T'. (RuleSetEquality)"
./test_code/BinaryExpression_WhenCantCompare_failure.a,21,10,21,22,"Could not find a meaning for 'X' != 'T' (OperatorTable)"
./test_code/BinaryExpression_WhenCantCompare_failure.a,25,12,25,20,"Could not find a meaning for 'bool' + 'int' (OperatorTable)"
./test_code/BinaryExpression_WhenCantCompare_failure.a,25,26,25,32,"Could not find a meaning for 'string' / 'int' (OperatorTable)"
./test_code/BinaryExpression_WhenCantDivide_failure.a,1,11,1,23,"Could not find a meaning for 'bool' / 'bool' (OperatorTable)"
./test_code/BinaryExpression_WhenCantDivide_failure.a,2,11,2,19,"Could not find a meaning for 'bool' / 'int' (OperatorTable)"
./test_code/BinaryExpression_WhenCantDivide_failure.a,3,11,3,19,"Could not find a meaning for 'int' / 'bool' (OperatorTable)"
./test_code/BinaryExpression_WhenCantDivide_failure.a,4,11,4,21,"Could not find a meaning for 'bool' / 'double' (OperatorTable)"
./test_code/BinaryExpression_WhenCantDivide_failure.a,5,11,5,21,"Could not find a meaning for 'double' / 'bool' (OperatorTable)"
./test_code/BinaryExpression_WhenCantDivide_failure.a,6,11,6,25,"Could not find a meaning for 'bool' / 'client' (OperatorTable)"
./test_code/BinaryExpression_WhenCantDivide_failure.a,7,11,7,23,"Could not find a meaning for 'client' / '__ViewerType' (OperatorTable)"
./test_code/BinaryExpression_WhenCantDivide_failure.a,8,12,8,24,"Could not find a meaning for 'client' / '__ViewerType' (OperatorTable)"
./test_code/BinaryExpression_WhenCantLogic_failure.a,2,11,2,20,"Could not find a meaning for 'bool' && 'int' (OperatorTable)"
./test_code/BinaryExpression_WhenCantLogic_failure.a,3,11,3,20,"Could not find a meaning for 'int' && 'bool' (OperatorTable)"
./test_code/BinaryExpression_WhenCantLogic_failure.a,4,11,4,22,"Could not find a meaning for 'bool' && 'double' (OperatorTable)"
./test_code/BinaryExpression_WhenCantLogic_failure.a,5,11,5,22,"Could not find a meaning for 'double' && 'bool' (OperatorTable)"
./test_code/BinaryExpression_WhenCantLogic_failure.a,6,11,6,26,"Could not find a meaning for 'bool' && 'client' (OperatorTable)"
./test_code/BinaryExpression_WhenCantLogic_failure.a,7,11,7,24,"Could not find a meaning for 'client' && '__ViewerType' (OperatorTable)"
./test_code/BinaryExpression_WhenCantLogic_failure.a,12,11,12,20,"Could not find a meaning for 'bool' || 'int' (OperatorTable)"
./test_code/BinaryExpression_WhenCantLogic_failure.a,13,11,13,20,"Could not find a meaning for 'int' || 'bool' (OperatorTable)"
./test_code/BinaryExpression_WhenCantLogic_failure.a,14,11,14,22,"Could not find a meaning for 'bool' || 'double' (OperatorTable)"
./test_code/BinaryExpression_WhenCantLogic_failure.a,15,11,15,22,"Could not find a meaning for 'double' || 'bool' (OperatorTable)"
./test_code/BinaryExpression_WhenCantLogic_failure.a,16,11,16,26,"Could not find a meaning for 'bool' || 'client' (OperatorTable)"
./test_code/BinaryExpression_WhenCantLogic_failure.a,17,11,17,24,"Could not find a meaning for 'client' || '__ViewerType' (OperatorTable)"
./test_code/BinaryExpression_WhenCantMod_failure.a,1,11,1,23,"Could not find a meaning for 'bool' % 'bool' (OperatorTable)"
./test_code/BinaryExpression_WhenCantMod_failure.a,2,11,2,19,"Could not find a meaning for 'bool' % 'int' (OperatorTable)"
./test_code/BinaryExpression_WhenCantMod_failure.a,3,11,3,19,"Could not find a meaning for 'int' % 'bool' (OperatorTable)"
./test_code/BinaryExpression_WhenCantMod_failure.a,4,11,4,21,"Could not find a meaning for 'bool' % 'double' (OperatorTable)"
./test_code/BinaryExpression_WhenCantMod_failure.a,5,11,5,21,"Could not find a meaning for 'double' % 'bool' (OperatorTable)"
./test_code/BinaryExpression_WhenCantMod_failure.a,6,11,6,25,"Could not find a meaning for 'bool' % 'client' (OperatorTable)"
./test_code/BinaryExpression_WhenCantMod_failure.a,7,11,7,23,"Could not find a meaning for 'client' % '__ViewerType' (OperatorTable)"
./test_code/BinaryExpression_WhenCantMultiply_failure.a,11,3,11,11,"Expression expected to be computed, rather than assigned to (Environment)"
./test_code/BinaryExpression_WhenCantMultiply_failure.a,11,3,11,7,"Expression expected to be computed, rather than assigned to (Environment)"
./test_code/BinaryExpression_WhenCantMultiply_failure.a,11,10,11,11,"Expression expected to be computed, rather than assigned to (Environment)"
./test_code/BinaryExpression_WhenCantMultiply_failure.a,11,3,11,11,"Could not find a meaning for 'bool' + 'int' (OperatorTable)"
./test_code/BinaryExpression_WhenCantMultiply_failure.a,11,17,11,23,"Could not find a meaning for 'string' / 'int' (OperatorTable)"
./test_code/BinaryExpression_WhenCantMultiply_failure.a,1,11,1,23,"Could not find a meaning for 'bool' * 'bool' (OperatorTable)"
./test_code/BinaryExpression_WhenCantMultiply_failure.a,2,11,2,19,"Could not find a meaning for 'bool' * 'int' (OperatorTable)"
./test_code/BinaryExpression_WhenCantMultiply_failure.a,3,11,3,19,"Could not find a meaning for 'int' * 'bool' (OperatorTable)"
./test_code/BinaryExpression_WhenCantMultiply_failure.a,4,11,4,21,"Could not find a meaning for 'bool' * 'double' (OperatorTable)"
./test_code/BinaryExpression_WhenCantMultiply_failure.a,5,11,5,21,"Could not find a meaning for 'double' * 'bool' (OperatorTable)"
./test_code/BinaryExpression_WhenCantMultiply_failure.a,6,11,6,25,"Could not find a meaning for 'bool' * 'client' (OperatorTable)"
./test_code/BinaryExpression_WhenCantMultiply_failure.a,7,11,7,23,"Could not find a meaning for 'client' * '__ViewerType' (OperatorTable)"
./test_code/BinaryExpression_WhenCantRelate_failure.a,1,11,1,23,"Could not find a meaning for 'bool' < 'bool' (OperatorTable)"
./test_code/BinaryExpression_WhenCantRelate_failure.a,2,11,2,19,"Could not find a meaning for 'bool' < 'int' (OperatorTable)"
./test_code/BinaryExpression_WhenCantRelate_failure.a,3,11,3,19,"Could not find a meaning for 'int' < 'bool' (OperatorTable)"
./test_code/BinaryExpression_WhenCantRelate_failure.a,4,11,4,21,"Could not find a meaning for 'bool' < 'double' (OperatorTable)"
./test_code/BinaryExpression_WhenCantRelate_failure.a,5,11,5,21,"Could not find a meaning for 'double' < 'bool' (OperatorTable)"
./test_code/BinaryExpression_WhenCantRelate_failure.a,6,11,6,25,"Could not find a meaning for 'bool' < 'client' (OperatorTable)"
./test_code/BinaryExpression_WhenCantRelate_failure.a,7,11,7,23,"Could not find a meaning for 'client' < '__ViewerType' (OperatorTable)"
./test_code/BinaryExpression_WhenCantRelate_failure.a,11,11,11,23,"Could not find a meaning for 'bool' > 'bool' (OperatorTable)"
./test_code/BinaryExpression_WhenCantRelate_failure.a,12,11,12,19,"Could not find a meaning for 'bool' > 'int' (OperatorTable)"
./test_code/BinaryExpression_WhenCantRelate_failure.a,13,11,13,19,"Could not find a meaning for 'int' > 'bool' (OperatorTable)"
./test_code/BinaryExpression_WhenCantRelate_failure.a,14,11,14,21,"Could not find a meaning for 'bool' > 'double' (OperatorTable)"
./test_code/BinaryExpression_WhenCantRelate_failure.a,15,11,15,21,"Could not find a meaning for 'double' > 'bool' (OperatorTable)"
./test_code/BinaryExpression_WhenCantRelate_failure.a,16,11,16,25,"Could not find a meaning for 'bool' > 'client' (OperatorTable)"
./test_code/BinaryExpression_WhenCantRelate_failure.a,17,11,17,23,"Could not find a meaning for 'client' > '__ViewerType' (OperatorTable)"
./test_code/BinaryExpression_WhenCantSubtract_failure.a,11,3,11,11,"Expression expected to be computed, rather than assigned to (Environment)"
./test_code/BinaryExpression_WhenCantSubtract_failure.a,11,3,11,7,"Expression expected to be computed, rather than assigned to (Environment)"
./test_code/BinaryExpression_WhenCantSubtract_failure.a,11,10,11,11,"Expression expected to be computed, rather than assigned to (Environment)"
./test_code/BinaryExpression_WhenCantSubtract_failure.a,11,3,11,11,"Could not find a meaning for 'bool' + 'int' (OperatorTable)"
./test_code/BinaryExpression_WhenCantSubtract_failure.a,11,17,11,23,"Could not find a meaning for 'string' / 'int' (OperatorTable)"
./test_code/BinaryExpression_WhenCantSubtract_failure.a,1,11,1,23,"Could not find a meaning for 'bool' - 'bool' (OperatorTable)"
./test_code/BinaryExpression_WhenCantSubtract_failure.a,2,11,2,19,"Could not find a meaning for 'bool' - 'int' (OperatorTable)"
./test_code/BinaryExpression_WhenCantSubtract_failure.a,3,11,3,19,"Could not find a meaning for 'int' - 'bool' (OperatorTable)"
./test_code/BinaryExpression_WhenCantSubtract_failure.a,4,11,4,21,"Could not find a meaning for 'bool' - 'double' (OperatorTable)"
./test_code/BinaryExpression_WhenCantSubtract_failure.a,5,11,5,21,"Could not find a meaning for 'double' - 'bool' (OperatorTable)"
./test_code/BinaryExpression_WhenCantSubtract_failure.a,6,11,6,25,"Could not find a meaning for 'bool' - 'client' (OperatorTable)"
./test_code/BinaryExpression_WhenCantSubtract_failure.a,7,11,7,23,"Could not find a meaning for 'client' - '__ViewerType' (OperatorTable)"
./test_code/BlindSendPolicy_ControlFlowOpen_failure.a,1,7,5,3,"The 'send' policy must return a boolean (DocumentEvents)"
./test_code/BlindSendPolicy_TimeNotStatic_failure.a,2,12,2,20,"Global 'Time' lacks 'now' (GlobalLookup)"
./test_code/BlindSendPolicy_TimeNotStatic_failure.a,2,12,2,20,"Expression is not a function (FunctionInvoke)"
./test_code/Block_DeadCode_failure.a,2,2,2,14,"This code is unreachable. (Block)"
./test_code/Block_DuplicateVariable_failure.a,2,2,2,5,"Variable 'x' was already defined (EnvironmentDefine)"
./test_code/BugsApril_Issues_failure.a,3,6,3,14,"Expression expected to be computed, rather than assigned to (Environment)"
./test_code/BugsApril_Issues_failure.a,3,6,3,10,"Expression expected to be computed, rather than assigned to (Environment)"
./test_code/BugsApril_Issues_failure.a,3,13,3,14,"Expression expected to be computed, rather than assigned to (Environment)"
./test_code/BugsApril_Issues_failure.a,3,6,3,14,"Could not find a meaning for 'bool' + 'int' (OperatorTable)"
./test_code/BugsApril_Issues_failure.a,4,3,4,11,"Expression expected to be computed, rather than assigned to (Environment)"
./test_code/BugsApril_Issues_failure.a,4,3,4,7,"Expression expected to be computed, rather than assigned to (Environment)"
./test_code/BugsApril_Issues_failure.a,4,10,4,11,"Expression expected to be computed, rather than assigned to (Environment)"
./test_code/BugsApril_Issues_failure.a,4,3,4,11,"Could not find a meaning for 'bool' + 'int' (OperatorTable)"
./test_code/BugsApril_Issues_failure.a,5,10,5,20,"Type not found: a message named 'Foo' was not found. (TypeCheckReferences)"
./test_code/Channels_MessageTypeWasRecord_failure.a,3,0,3,15,"Type incorrect: expecting 'X' to be a message type; instead, found a type of 'X'. (TypeCheckReferences)"
./test_code/Channels_MessageTypeWasRecord_failure.a,5,0,6,1,"Type incorrect: expecting 'X' to be a message type; instead, found a type of 'X'. (TypeCheckReferences)"
./test_code/Channels_UndefinedMessage_failure.a,0,0,0,15,"Type not found: a message named 'X' was not found. (TypeCheckReferences)"
./test_code/Channels_UndefinedMessage_failure.a,2,0,3,1,"Type not found: a message named 'X' was not found. (TypeCheckReferences)"
./test_code/ConnectionEvents_ConnectMustReturn_failure.a,0,15,1,1,"The @connected handler must return a boolean (DocumentEvents)"
./test_code/Constructor_CantUnionTypes_failure.a,9,2,9,6,"Type check failure: The types 'MB' and 'bool' are not compatible for type unification (TypeCompatabilities)"
./test_code/Control_CantAbortOutsideOfMessageHandler_failure.a,8,2,8,8,"Can only 'abort' from a message handler (EvaluationContext)"
./test_code/Control_CantBlockOutsideOfStateTransition_failure.a,5,2,5,8,"Can only 'block' from a state machine transition (EvaluationContext)"
./test_code/Control_NotMaybeInIf_failure.a,1,6,1,7,"Type check failure: the type 'int' was expected to be a maybe<?> (RuleSetMaybe)"
./test_code/Conversion_CantConvertIntList_failure.a,4,22,4,31,"Type check failure: the type `int[]` is unable to be converted. Only list<S>, S[], maybe<S> can be converted where S is either a record or a message. (TypeCheckFailures)"
./test_code/Conversion_CantConvertListToList_failure.a,12,2,12,8,"Type check failure: the type 'list<M>' is unable to store type 'M[]'. (TypeCheckReferences)"
./test_code/Conversion_CantInteger_failure.a,4,22,4,23,"Type check failure: the type `int` is unable to be converted. Only list<S>, S[], maybe<S> can be converted where S is either a record or a message. (TypeCheckFailures)"
./test_code/Conversion_CantMaybeInteger_failure.a,4,29,4,30,"Type check failure: must have a type of 'record' or 'message', but got a type of 'int'. (RuleSetStructures)"
./test_code/Conversion_CantMaybeInteger_failure.a,4,22,4,30,"Type check failure: the type `maybe<int>` is unable to be converted. Only list<S>, S[], maybe<S> can be converted where S is either a record or a message. (TypeCheckFailures)"
./test_code/Conversion_WhenCantConvertBasedOnFields_failure.a,11,2,11,8,"Type check failure: the type 'string' is unable to store type 'int'. (TypeCheckReferences)"
./test_code/Conversion_WhenCantConvertBasedOnFields_failure.a,15,2,15,5,"Type check failure: the type 'int' is unable to store type 'string'. (TypeCheckReferences)"
./test_code/Conversion_WhenCantConvertBasedOnFields_failure.a,6,2,6,8,"Type check failure: the type 'string' is unable to store type 'int'. (TypeCheckReferences)"
./test_code/Conversion_WhenCantConvertBasedOnFields_failure.a,21,2,21,11,"The type 'BigS' contains field 'z' which is not found within 'SmallI'. (RuleSetStructures)"
./test_code/Conversion_WhenCantConvertBasedOnFields_failure.a,21,2,21,11,"The type 'BigI' contains field 'z' which is not found within 'SmallI'. (RuleSetStructures)"
./test_code/Conversion_WhenCantConvertBasedOnFields_failure.a,22,2,22,11,"The type 'BigS' contains field 'z' which is not found within 'SmallS'. (RuleSetStructures)"
./test_code/Conversion_WhenCantConvertBasedOnFields_failure.a,1,2,1,5,"Type check failure: the type 'int' is unable to store type 'string'. (TypeCheckReferences)"
./test_code/Conversion_WhenCantConvertBasedOnFields_failure.a,22,2,22,11,"The type 'BigI' contains field 'z' which is not found within 'SmallS'. (RuleSetStructures)"
./test_code/Conversion_WhenCantConvertBasedOnFields_failure.a,1,2,1,5,"Type check failure: the type 'int' is unable to store type 'string'. (TypeCheckReferences)"
./test_code/Conversion_WhenCantConvertBasedOnFields_failure.a,6,2,6,8,"Type check failure: the type 'string' is unable to store type 'int'. (TypeCheckReferences)"
./test_code/Conversion_WhenCantConvertBasedOnFields_failure.a,11,2,11,8,"Type check failure: the type 'string' is unable to store type 'int'. (TypeCheckReferences)"
./test_code/Conversion_WhenCantConvertBasedOnFields_failure.a,15,2,15,5,"Type check failure: the type 'int' is unable to store type 'string'. (TypeCheckReferences)"
./test_code/CrashReport_March21_failure.a,3,8,3,14,"Type not found: the type 'String' was not found. (TypeCheckReferences)"
./test_code/CreationPolicy_ControlFlowOpen_failure.a,1,9,5,3,"The 'create' policy must return a boolean (DocumentEvents)"
./test_code/CreationPolicy_TimeNotStatic_failure.a,2,12,2,20,"Global 'Time' lacks 'now' (GlobalLookup)"
./test_code/CreationPolicy_TimeNotStatic_failure.a,2,12,2,20,"Expression is not a function (FunctionInvoke)"
./test_code/Define_AssignTableOddities_failure.a,1,0,1,7,"The type 'table<X>' is not applicable for assignment (=) (Assignment)"
./test_code/Define_AssignTableOddities_failure.a,1,0,1,7,"Type check failure: the type 'table<X>' is unable to store type 'int'. (TypeCheckReferences)"
./test_code/Define_AssignTableOddities_failure.a,1,0,5,8,"Could not find a meaning for 'table<X>' += 'int' (OperatorTable)"
./test_code/Define_AssignTableOddities_failure.a,1,0,6,8,"Could not find a meaning for 'table<X>' *= 'int' (OperatorTable)"
./test_code/Define_AssignTableOddities_failure.a,1,0,7,8,"Could not find a meaning for 'table<X>' -= 'int' (OperatorTable)"
./test_code/Define_AssignTableOddities_failure.a,1,0,1,7,"Type check failure: Must have a type of 'int', 'long', 'double', 'list<int>', 'list<long>', 'list<double>'; instead got 'table<X>' (CanBumpNumeric)"
./test_code/Define_AssignTableOddities_failure.a,1,0,1,7,"Type check failure: Must have a type of 'int', 'long', 'double', 'list<int>', 'list<long>', 'list<double>'; instead got 'table<X>' (CanBumpNumeric)"
./test_code/Define_AssignTableOddities_failure.a,1,0,1,7,"Type check failure: Must have a type of 'int', 'long', 'double', 'list<int>', 'list<long>', 'list<double>'; instead got 'table<X>' (CanBumpNumeric)"
./test_code/Define_AssignTableOddities_failure.a,1,0,1,7,"Type check failure: must have a type of 'bool', but the type is actually 'table<X>' (TypeCheckFailures)"
./test_code/Define_BetweenNonArrayToArray_failure.a,5,2,5,5,"Type check failure: the type 'M[]' is unable to store type 'int'. (TypeCheckReferences)"
./test_code/Define_BetweenNonArrayToArray_failure.a,6,22,6,24,"Type check failure: the type `int` is unable to be converted. Only list<S>, S[], maybe<S> can be converted where S is either a record or a message. (TypeCheckFailures)"
./test_code/Define_BetweenNonArrayToArray_failure.a,7,2,7,3,"Type check failure: expected an array, but was actually type 'M'. (RuleSetArray)"
./test_code/Define_BumpWrongType_failure.a,7,11,7,12,"Type check failure: must have a type of 'bool', but the type is actually 'int' (TypeCheckFailures)"
./test_code/Define_BumpWrongType_failure.a,8,4,8,17,"Type check failure: must have a type of 'bool', but the type is actually 'string' (TypeCheckFailures)"
./test_code/Define_BumpWrongType_failure.a,11,2,11,15,"Type check failure: Must have a type of 'int', 'long', 'double', 'list<int>', 'list<long>', 'list<double>'; instead got 'list<r<string>>' (CanBumpNumeric)"
./test_code/Define_BumpWrongType_failure.a,12,5,12,18,"Type check failure: Must have a type of 'int', 'long', 'double', 'list<int>', 'list<long>', 'list<double>'; instead got 'list<r<string>>' (CanBumpNumeric)"
./test_code/Define_CantBumpString_failure.a,2,2,2,3,"The variable 'x' is readonly (VariableLookup)"
./test_code/Define_CantBumpString_failure.a,1,2,1,14,"Type check failure: Must have a type of 'int', 'long', 'double', 'list<int>', 'list<long>', 'list<double>'; instead got 'string' (CanBumpNumeric)"
./test_code/Define_CantSetLazy_failure.a,1,17,1,18,"The type 'r<auto<int>>' is not applicable for assignment (=) (Assignment)"
./test_code/Define_CantSetLazy_failure.a,1,17,1,18,"Type check failure: the type 'r<auto<int>>' is unable to store type 'int'. (TypeCheckReferences)"
./test_code/Define_FailingAssignments_failure.a,2,0,2,7,"The type 'table<R>' is not applicable for assignment (=) (Assignment)"
./test_code/Define_FailingAssignments_failure.a,2,0,2,7,"Type check failure: the type 'table<R>' is unable to store type 'int'. (TypeCheckReferences)"
./test_code/Define_FailingAssignments_failure.a,2,0,6,8,"Could not find a meaning for 'table<R>' += 'int' (OperatorTable)"
./test_code/Define_FailingAssignments_failure.a,2,0,7,8,"Could not find a meaning for 'table<R>' *= 'int' (OperatorTable)"
./test_code/Define_FailingAssignments_failure.a,2,0,8,8,"Could not find a meaning for 'table<R>' -= 'int' (OperatorTable)"
./test_code/Define_InappropriateType_failure.a,1,2,1,5,"Type check failure: the type 'int' is unable to store type 'string'. (TypeCheckReferences)"
./test_code/Define_RightSideFailTyping_failure.a,1,10,1,18,"Could not find a meaning for 'string' + '__ViewerType' (OperatorTable)"
./test_code/Define_ValueDoesntAssign_failure.a,6,2,6,5,"Type check failure: the type 'int' is unable to store type 'table<R>'. (TypeCheckReferences)"
./test_code/Delta_BadThingsOnLazy_failure.a,9,0,9,15,"Lazy type has inappropriate type `channel<M>` (Lazy)"
./test_code/Delta_BadThingsOnLazy_failure.a,9,0,11,26,"Lazy type has inappropriate type `maybe<channel<M>>` (Lazy)"
./test_code/Document_CantMixChannelAndFunctions_failure.a,5,0,7,1,"The function 'foo' was already defined. (DocumentDefine)"
./test_code/Document_CantMixChannelAndFunctions_failure.a,13,0,13,15,"Handler 'goo' was already defined. (DocumentDefine)"
./test_code/Document_DuplicateComputeFields_failure.a,1,0,1,13,"Global field 'x' was already defined (GlobalDefine)"
./test_code/Document_DuplicateComputeFields_failure.a,3,0,3,13,"Global field 'y' was already defined (GlobalDefine)"
./test_code/Document_DuplicateEnums_failure.a,1,0,1,12,"The enumeration 'X' was already defined. (DocumentDefine)"
./test_code/Document_DuplicateEnums_failure.a,0,0,0,12,"The enumeration 'X' was defined here. (DocumentDefine)"
./test_code/Document_DuplicateFields_failure.a,1,0,1,13,"Global field 'x' was already defined (GlobalDefine)"
./test_code/Document_DuplicateMessages_failure.a,4,0,6,1,"The message 'M' was already defined. (DocumentDefine)"
./test_code/Document_DuplicateMessages_failure.a,0,0,2,1,"The message 'M' was defined here. (DocumentDefine)"
./test_code/Document_DuplicatePolicies_failure.a,4,7,6,1,"Global policy 'foo' was already defined (GlobalDefine)"
./test_code/Document_DuplicateRecords_failure.a,4,0,6,1,"The record 'R' was already defined. (DocumentDefine)"
./test_code/Document_DuplicateRecords_failure.a,0,0,2,1,"The record 'R' was defined here. (DocumentDefine)"
./test_code/Document_UnknownType_failure.a,0,0,0,1,"Type not found: the type 'X' was not found. (TypeCheckReferences)"
./test_code/Document_UnknownType_failure.a,0,0,0,4,"Variable 'x' has no backing type (EnvironmentDefine)"
./test_code/Dynamic_Random_failure.a,1,2,1,9,"Type check failure: the type 'dynamic' is unable to store type 'bool'. (TypeCheckReferences)"
./test_code/Enums_CantCrossTypes_failure.a,0,0,0,12,"Type check failure: enum types are incompatible 'X' vs 'T'. (Assignment)"
./test_code/Enums_CantCrossTypes_failure.a,0,0,0,12,"Type check failure: the type 'X' is unable to store type 'T'. (TypeCheckReferences)"
./test_code/Enums_CantDefineDuplicates_failure.a,0,0,0,32,"The enumeration 'E' has duplicates for 'X' defined. (DocumentDefine)"
./test_code/Enums_CantDefineDuplicates_failure.a,0,0,0,32,"The enumeration 'E' has duplicates for 'Z' defined. (DocumentDefine)"
./test_code/Enums_CantFindEnumName_failure.a,0,0,1,1,"enum 'X' has no values (EnumStorage)"
./test_code/Enums_CantFindEnumName_failure.a,4,10,4,14,"Type not found: an enumeration named 'Y' was not found. (TypeCheckReferences)"
./test_code/Enums_CantFindEnumName_failure.a,5,10,5,14,"Type not found: an enumeration named 'Y' was not found. (TypeCheckReferences)"
./test_code/Enums_CantFindEnumValue_failure.a,5,10,5,14,"Type lookup failure: unable to find value 'x' within the enumeration 'X' (Enumerations)"
./test_code/Enums_DispatchDisagreeReturnType1_failure.a,4,0,6,1,"Dispatcher 'x' do not agree on return type. (EnumStorage)"
./test_code/Enums_DispatchDisagreeReturnType1_failure.a,8,0,10,1,"Dispatcher 'x' do not agree on return type. (EnumStorage)"
./test_code/Enums_DispatchDisagreeReturnType2_failure.a,4,0,6,1,"Dispatcher 'x' do not agree on return type. (EnumStorage)"
./test_code/Enums_DispatchDisagreeReturnType2_failure.a,8,0,9,1,"Dispatcher 'x' do not agree on return type. (EnumStorage)"
./test_code/Enums_DispatcherForNoEnum_failure.a,0,0,2,1,"Dispatcher 'foo' was unable to find the given enumeration type of 'E' (DocumentDefine)"
./test_code/Enums_DispatcherForWrongType_failure.a,2,0,4,1,"Dispatcher 'foo' found 'E', but it was 'E' (DocumentDefine)"
./test_code/Enums_DispatcherFoundNoValues_failure.a,4,0,6,1,"Dispatcher 'foo' has a value prefix 'C' which does not relate to any value within enum 'X' (EnumStorage)"
./test_code/Enums_DispatcherFoundNoValues_failure.a,5,2,5,11,"The return statement expects no expression (ReturnFlow)"
./test_code/Enums_DispatcherFoundNoValues_failure.a,9,2,9,11,"The return statement expects no expression (ReturnFlow)"
./test_code/Enums_DispatcherLacksCoverage_failure.a,0,0,2,1,"Enum 'X' has a dispatcher 'foo' which is incomplete and lacks: B. (EnumStorage)"
./test_code/Enums_DispatcherLacksCoverage_failure.a,5,2,5,11,"The return statement expects no expression (ReturnFlow)"
./test_code/Enums_DispatcherMustHaveNoOverlapWhenReturnValue_failure.a,4,0,6,1,"Dispatcher 'foo' returns and matches too many for 'X' (EnumStorage)"
./test_code/Enums_DispatcherWithShouldReturn_failure.a,3,0,4,1,"Dispatch 'foo' does not return in all cases (DefineDispatcher)"
./test_code/Enums_DispatchManyMissing_failure.a,0,0,2,1,"Enum 'E' has a dispatcher 'x' which is incomplete and lacks: X, Z. (EnumStorage)"
./test_code/Functions_ApplyOnNotAFunction_failure.a,2,11,2,14,"Type check failure: The given type was expected to be a function: 'int' (RuleSetFunctions)"
./test_code/Functions_ApplyOnNotAFunction_failure.a,2,11,2,14,"Expression is not a function (FunctionInvoke)"
./test_code/Functions_ArityMismatch_failure.a,5,11,5,22,"Function invoked with wrong number of arguments. Expected 1, got 0 (FunctionInvoke)"
./test_code/Functions_ArityMismatch_failure.a,6,11,6,22,"Function invoked with wrong number of arguments. Expected 1, got 2 (FunctionInvoke)"
./test_code/Functions_BadArgType_failure.a,0,22,0,25,"Type check failure: the type 'int' is unable to store type 'string'. (TypeCheckReferences)"
./test_code/Functions_IncompatibleReturnValue_failure.a,0,31,0,34,"Type check failure: the type 'int' is unable to store type 'string'. (TypeCheckReferences)"
./test_code/Functions_IncompatibleReturnValue_failure.a,0,0,2,1,"The function 'square_func' does not return in all cases (FunctionDefine)"
./test_code/Functions_LookupFailures_failure.a,15,2,15,7,"Type check failure: The given type was expected to be a function: 'label' (RuleSetFunctions)"
./test_code/Functions_LookupFailures_failure.a,15,2,15,7,"Expression is not a function (FunctionInvoke)"
./test_code/Functions_LookupFailures_failure.a,16,2,16,8,"Type 'R' lacks field 'nope' (FieldLookup)"
./test_code/Functions_LookupFailures_failure.a,16,2,16,8,"Expression is not a function (FunctionInvoke)"
./test_code/Functions_LookupFailures_failure.a,18,11,18,17,"Type 'R' lacks field 'nope' (FieldLookup)"
./test_code/Functions_LookupFailures_failure.a,18,11,18,17,"Expression is not a function (FunctionInvoke)"
./test_code/Functions_LookupFailures_failure.a,19,11,19,19,"Type 'channel<M>' lacks field 'nope' (FieldLookup)"
./test_code/Functions_LookupFailures_failure.a,19,11,19,19,"Expression is not a function (FunctionInvoke)"
./test_code/Functions_LookupFailures_failure.a,20,11,20,23,"Type 'client' lacks field 'nope' (FieldLookup)"
./test_code/Functions_LookupFailures_failure.a,20,11,20,23,"Expression is not a function (FunctionInvoke)"
./test_code/Functions_LookupFailures_failure.a,21,11,21,22,"Type 'E' lacks field 'nope' (FieldLookup)"
./test_code/Functions_LookupFailures_failure.a,21,11,21,22,"Expression is not a function (FunctionInvoke)"
./test_code/Functions_LookupFailures_failure.a,22,11,22,23,"Type 'E[]' lacks field 'nope' (FieldLookup)"
./test_code/Functions_LookupFailures_failure.a,22,11,22,23,"Expression is not a function (FunctionInvoke)"
./test_code/Functions_LookupFailures_failure.a,24,11,24,18,"Type 'future<M>' lacks field 'nope' (FieldLookup)"
./test_code/Functions_LookupFailures_failure.a,24,11,24,18,"Expression is not a function (FunctionInvoke)"
./test_code/Functions_LookupFailures_failure.a,25,11,25,26,"Type 'int' lacks field 'nope' (FieldLookup)"
./test_code/Functions_LookupFailures_failure.a,25,11,25,26,"Expression is not a function (FunctionInvoke)"
./test_code/Functions_LookupFailures_failure.a,27,11,27,21,"Type 'list<M>' lacks field 'nope' (FieldLookup)"
./test_code/Functions_LookupFailures_failure.a,27,11,27,21,"Expression is not a function (FunctionInvoke)"
./test_code/Functions_LookupFailures_failure.a,42,11,42,18,"Type 'bool' lacks field 'nope' (FieldLookup)"
./test_code/Functions_LookupFailures_failure.a,42,11,42,18,"Expression is not a function (FunctionInvoke)"
./test_code/Functions_LookupFailures_failure.a,43,11,43,18,"Type 'client' lacks field 'nope' (FieldLookup)"
./test_code/Functions_LookupFailures_failure.a,43,11,43,18,"Expression is not a function (FunctionInvoke)"
./test_code/Functions_LookupFailures_failure.a,44,11,44,18,"Type 'double' lacks field 'nope' (FieldLookup)"
./test_code/Functions_LookupFailures_failure.a,44,11,44,18,"Expression is not a function (FunctionInvoke)"
./test_code/Functions_LookupFailures_failure.a,45,11,45,18,"Type 'E' lacks field 'nope' (FieldLookup)"
./test_code/Functions_LookupFailures_failure.a,45,11,45,18,"Expression is not a function (FunctionInvoke)"
./test_code/Functions_LookupFailures_failure.a,46,11,46,18,"Type 'int' lacks field 'nope' (FieldLookup)"
./test_code/Functions_LookupFailures_failure.a,46,11,46,18,"Expression is not a function (FunctionInvoke)"
./test_code/Functions_LookupFailures_failure.a,47,11,47,18,"Type 'double' lacks field 'nope' (FieldLookup)"
./test_code/Functions_LookupFailures_failure.a,47,11,47,18,"Expression is not a function (FunctionInvoke)"
./test_code/Functions_LookupFailures_failure.a,48,11,48,19,"Type 'int' lacks field 'nope' (FieldLookup)"
./test_code/Functions_LookupFailures_failure.a,48,11,48,19,"Expression is not a function (FunctionInvoke)"
./test_code/Functions_LookupFailures_failure.a,49,11,49,17,"Type 'R' lacks field 'nope' (FieldLookup)"
./test_code/Functions_LookupFailures_failure.a,49,11,49,17,"Expression is not a function (FunctionInvoke)"
./test_code/Functions_LookupFailures_failure.a,50,11,50,18,"Type 'label' lacks field 'nope' (FieldLookup)"
./test_code/Functions_LookupFailures_failure.a,50,11,50,18,"Expression is not a function (FunctionInvoke)"
./test_code/Functions_LookupFailures_failure.a,51,11,51,18,"Type 'string' lacks field 'nope' (FieldLookup)"
./test_code/Functions_LookupFailures_failure.a,51,11,51,18,"Expression is not a function (FunctionInvoke)"
./test_code/Functions_LookupFailures_failure.a,52,12,52,20,"Type 'table<R>' lacks field 'nope' (FieldLookup)"
./test_code/Functions_LookupFailures_failure.a,52,12,52,20,"Expression is not a function (FunctionInvoke)"
./test_code/Functions_MustReturn_failure.a,1,0,6,1,"The procedure 'x' does not return in all cases (FunctionDefine)"
./test_code/Functions_MustReturn_failure.a,9,2,14,3,"Function 'foo' does not return in all cases (MethodDefine)"
./test_code/Functions_MustReturn_failure.a,16,9,17,3,"Policy 'p' does not return in all cases (PolicyDefine)"
./test_code/Functions_PureCantInvokeProcedure_failure.a,5,9,5,12,"Pure functions can only call other pure functions (FunctionInvoke)"
./test_code/Functions_PureCantInvokeProcedure_failure.a,5,17,5,20,"Pure functions can only call other pure functions (FunctionInvoke)"
./test_code/Functions_PureMustReturn_failure.a,0,0,1,1,"The function 'whoops1' does not return in all cases (FunctionDefine)"
./test_code/Functions_PureMustReturn_failure.a,3,0,8,1,"The function 'whoops2' does not return in all cases (FunctionDefine)"
./test_code/Functions_PureVariablesReadOnly_failure.a,1,2,1,3,"The variable 'x' is readonly (VariableLookup)"
./test_code/Functions_PureVariablesReadOnly_failure.a,0,0,2,1,"The function 'whoops1' does not return in all cases (FunctionDefine)"
./test_code/Functions_PureVariablesReadOnly_failure.a,11,2,11,3,"The variable 'z' is readonly due to the environment (VariableLookup)"
./test_code/Functions_PureVariablesReadOnly_failure.a,16,9,16,10,"The variable 'z' was not defined (VariableLookup)"
./test_code/Functions_PureVariablesReadOnly_failure.a,15,0,17,1,"The function 'cantread' does not return in all cases (FunctionDefine)"
./test_code/Functions_ReactiveCantInvokeProcedure_failure.a,4,13,4,16,"Reactive expressions can only invoke pure functions (FunctionInvoke)"
./test_code/Functions_ReactiveCantInvokeProcedure_failure.a,6,21,6,24,"Reactive expressions can only invoke pure functions (FunctionInvoke)"
./test_code/Globals_FunctionOverloadingIncorrect_failure.a,0,0,2,1,"Overloaded function has many identical calls (FunctionOverlap)"
./test_code/Globals_NotFound_failure.a,1,10,1,20,"Global 'String' lacks 'foo' (GlobalLookup)"
./test_code/Globals_NotFound_failure.a,1,10,1,20,"Expression is not a function (FunctionInvoke)"
./test_code/Include_Bad_failure.a,0,0,0,13,"Failed to include 'bad' as it was not bound to the deployment (DocumentInclude)"
./test_code/Include_NotFound_failure.a,0,0,0,15,"Failed to include 'howdy' as it was not bound to the deployment (DocumentInclude)"
./test_code/Ingestion_CantExportIntegerAlreadyDefined_failure.a,9,2,9,18,"Variable 'z' was already defined (EnvironmentDefine)"
./test_code/Ingestion_CantExportIntegerAlreadyDefined_failure.a,10,2,10,27,"Variable 'z2' was already defined (EnvironmentDefine)"
./test_code/Ingestion_CantIngestIntegers_failure.a,7,2,7,3,"Expression expected to be computed, rather than assigned to (Environment)"
./test_code/Ingestion_CantIngestIntegers_failure.a,7,2,7,3,"Type check failure: unable to ingest into this type 'int'. (RuleSetIngestion)"
./test_code/Ingestion_CantIngestIntegers_failure.a,8,7,8,8,"Type check failure: 'int' unable to produce data to ingest into 'table<X>'. (RuleSetIngestion)"
./test_code/Ingestion_CantIngestStrings_failure.a,7,2,7,5,"Expression expected to be computed, rather than assigned to (Environment)"
./test_code/Ingestion_CantIngestStrings_failure.a,7,2,7,5,"Type check failure: unable to ingest into this type 'string'. (RuleSetIngestion)"
./test_code/Ingestion_CantIngestStrings_failure.a,8,7,8,10,"Type check failure: 'string' unable to produce data to ingest into 'table<X>'. (RuleSetIngestion)"
./test_code/Ingestion_DataLoss_failure.a,7,7,7,14,"Type check failure: The field 'y' was lost during ingestion (RuleSetIngestion)"
./test_code/Ingestion_FailurePassthrough_failure.a,7,3,7,11,"Expression expected to be computed, rather than assigned to (Environment)"
./test_code/Ingestion_FailurePassthrough_failure.a,7,3,7,7,"Expression expected to be computed, rather than assigned to (Environment)"
./test_code/Ingestion_FailurePassthrough_failure.a,7,10,7,11,"Expression expected to be computed, rather than assigned to (Environment)"
./test_code/Ingestion_FailurePassthrough_failure.a,7,3,7,11,"Could not find a meaning for 'bool' + 'int' (OperatorTable)"
./test_code/Ingestion_FailurePassthrough_failure.a,8,8,8,16,"Could not find a meaning for 'bool' + 'int' (OperatorTable)"
./test_code/Ingestion_IncompatibleField_failure.a,2,2,2,5,"Type check failure: the type 'r<int>' is unable to store type 'string'. (TypeCheckReferences)"
./test_code/Ingestion_IncompatibleField_failure.a,1,2,1,5,"Type check failure: the type 'r<int>' is unable to store type 'string'. (TypeCheckReferences)"
./test_code/Ingestion_RecursiveBreakage_failure.a,13,20,13,23,"Type check failure: 'int' unable to produce data to ingest into 'table<Z>'. (RuleSetIngestion)"
./test_code/Ingestion_RecursiveMapErrors_failure.a,12,0,14,1,"Type check failure: The field 'x' was lost during ingestion (RuleSetIngestion)"
./test_code/Ingestion_RecursiveMapErrors_failure.a,5,7,5,21,"Type check failure: ranges are incompatble for ingestion. (RuleSetIngestion)"
./test_code/Ingestion_RecursiveMapErrors_failure.a,24,14,24,17,"Type check failure: 'int' unable to produce data to ingest into 'Z'. (RuleSetIngestion)"
./test_code/Ingestion_RecursiveMapErrors_failure.a,5,7,5,21,"Type check failure: ranges are incompatble for ingestion. (RuleSetIngestion)"
./test_code/Ingestion_RecursiveMapErrors_failure.a,16,0,18,1,"Type check failure: The field 'x' was lost during ingestion (RuleSetIngestion)"
./test_code/Ingestion_RecursiveMapErrors_failure.a,5,7,5,21,"Type check failure: ranges are incompatble for ingestion. (RuleSetIngestion)"
./test_code/Ingestion_RecursiveMapErrors_failure.a,5,11,5,17,"Type check failure: the type 'string' is unable to store type 'int'. (TypeCheckReferences)"
./test_code/Ingestion_RecursiveMapErrors_failure.a,5,7,5,21,"Type check failure: domains are incompatble for ingestion string <- int. (RuleSetIngestion)"
./test_code/Ingestion_RecursiveMapErrors_failure.a,5,7,5,21,"Type check failure: unable to ingest into this type 'r<map<string,Z>>'. (RuleSetIngestion)"
./test_code/Ingestion_RecursiveMapErrors_failure.a,28,2,28,21,"Type check failure: 'map<int,int>' unable to produce data to ingest into 'r<map<string,Z>>'. (RuleSetIngestion)"
./test_code/InlineConditional_BothSidesFail_failure.a,2,18,2,26,"Could not find a meaning for 'bool' + 'int' (OperatorTable)"
./test_code/InlineConditional_BothSidesFail_failure.a,2,31,2,40,"Could not find a meaning for 'int' + 'bool' (OperatorTable)"
./test_code/InlineConditional_BothSidesFail_failure.a,3,11,3,19,"Could not find a meaning for 'bool' + 'int' (OperatorTable)"
./test_code/InlineConditional_MaxTypeFailures_failure.a,7,30,7,31,"Type check failure: The types 'string' and 'int' are not compatible for type unification (TypeCompatabilities)"
./test_code/InlineConditional_MaxTypeFailures_failure.a,7,23,7,31,"Type check failure: The types 'string' and 'maybe<int>' are not compatible for type unification (TypeCompatabilities)"
./test_code/InlineConditional_MaxTypeFailures_failure.a,8,29,8,32,"Type check failure: The types 'int' and 'string' are not compatible for type unification (TypeCompatabilities)"
./test_code/InlineConditional_MaxTypeFailures_failure.a,8,29,8,32,"Type check failure: The types 'maybe<int>' and 'string' are not compatible for type unification (TypeCompatabilities)"
./test_code/InlineConditional_MaxTypeFailures_failure.a,9,2,9,6,"The message types `A` and `B` can not be joined. (MaxUnionType)"
./test_code/InlineConditional_MaxTypeFailures_failure.a,10,2,10,6,"Type check failure: The types 'A' and 'B' are not compatible for type unification (TypeCompatabilities)"
./test_code/InlineConditional_RecordsMismatch_failure.a,20,2,20,6,"The message types `U` and `V` can not be joined. (MaxUnionType)"
./test_code/InlineConditional_RecordsMismatch_failure.a,21,2,21,6,"Type check failure: The types 'U' and 'V' are not compatible for type unification (TypeCompatabilities)"
./test_code/InlineConditional_RecordsMismatch_failure.a,3,0,4,1,"Type check failure: The types 'X' and 'Y' are not compatible for type unification (TypeCompatabilities)"
./test_code/InventionPolicy_ControlFlowOpen_failure.a,1,9,5,3,"The 'invent' policy must return a boolean (DocumentEvents)"
./test_code/InventionPolicy_NotSimpleConstructor_failure.a,1,9,3,3,"Invention requires all constructors to not accept messages (INVENT)"
./test_code/InventionPolicy_TimeNotStatic_failure.a,2,12,2,20,"Global 'Time' lacks 'now' (GlobalLookup)"
./test_code/InventionPolicy_TimeNotStatic_failure.a,2,12,2,20,"Expression is not a function (FunctionInvoke)"
./test_code/Linq_ErrorsFindingTables_failure.a,4,6,4,7,"Type not found: the type 'Z' was not found. (TypeCheckReferences)"
./test_code/Linq_ErrorsFindingTables_failure.a,12,11,12,12,"Expression expected to be computed, rather than assigned to (Environment)"
./test_code/Linq_ErrorsFindingTables_failure.a,12,11,12,12,"Type check failure: must have a type of 'table<?>', but got a type of 'int'. (TypeCheckReferences)"
./test_code/Linq_ErrorsFindingTables_failure.a,0,0,0,11,"Type check failure: must have a type of 'table<?>', but got a type of 'X'. (TypeCheckReferences)"
./test_code/Linq_FieldNotFound_failure.a,7,11,7,24,"Type 'list<Y>' lacks field 'z' (FieldLookup)"
./test_code/Linq_FieldNotFound_failure.a,8,11,8,14,"Type 'Y' lacks field 'z' (FieldLookup)"
./test_code/Linq_IndexingCant_failure.a,2,9,2,10,"Type not found: the type 'E' was not found. (TypeCheckReferences)"
./test_code/Linq_IndexingCant_failure.a,2,2,2,13,"Variable 'y' has no backing type (EnvironmentDefine)"
./test_code/Linq_IndexingCant_failure.a,5,2,5,16,"Index could not find field 'nofound' (StructureDefine)"
./test_code/Linq_IndexingCant_failure.a,6,2,6,10,"Index for field 'z' is not possible due to type (StructureDefine)"
./test_code/Linq_IndexingCant_failure.a,8,2,8,10,"Index was already defined: 'x' (StructureDefine)"
./test_code/Linq_IterateNonTable_failure.a,2,11,2,12,"Expression expected to be computed, rather than assigned to (Environment)"
./test_code/Linq_IterateNonTable_failure.a,2,11,2,12,"Type check failure: must have a type of 'table<?>', but got a type of 'int'. (TypeCheckReferences)"
./test_code/Linq_NonOrderable_failure.a,10,31,10,32,"Typing issue: the structure 'Y' has field 'x' but it is not orderable.. (RuleSetStructures)"
./test_code/Linq_NonOrderable_failure.a,11,31,11,32,"Field not found: the structure 'Y' does not contain the field 'z'. (RuleSetStructures)"
./test_code/Linq_NotApplicableToNonLists_failure.a,2,10,2,11,"Type check failure: expected an list, but was actually type 'int'. (RuleSetArray)"
./test_code/Linq_NotApplicableToNonLists_failure.a,3,10,3,11,"Type check failure: expected an list, but was actually type 'int'. (RuleSetArray)"
./test_code/Linq_NotApplicableToNonLists_failure.a,4,10,4,11,"Type check failure: expected an list, but was actually type 'int'. (RuleSetArray)"
./test_code/Linq_NotApplicableToNonLists_failure.a,5,10,5,11,"Type check failure: expected an list, but was actually type 'int'. (RuleSetArray)"
./test_code/Lookup_ByIndexNotInteger_failure.a,5,12,5,15,"Type check failure: must have a type of 'int', but the type is actually 'string' (TypeCheckFailures)"
./test_code/Lookup_ByIndexNotIterable_failure.a,1,2,1,12,"Type check failure: must be either an array or list to use index lookup[]; instead got 'int'. (RuleSetIterable)"
./test_code/Lookup_NotFound_failure.a,1,10,1,11,"The variable 'y' was not defined (VariableLookup)"
./test_code/Maps_InvalidAssignments_failure.a,8,2,8,18,"The domain type 'double' is not an appropriate. (TyNativeMap)"
./test_code/Maps_InvalidAssignments_failure.a,7,2,7,19,"Type check failure: the type 'map<int,int>' is unable to store type 'map<double,int>'. (TypeCheckReferences)"
./test_code/Maps_InvalidAssignments_failure.a,7,2,7,19,"Type check failure: the type 'map<int,int>' is unable to store type 'map<int,double>'. (TypeCheckReferences)"
./test_code/Maps_InvalidAssignments_failure.a,8,2,8,22,"Type check failure: the type 'map<double,int>' is unable to store type 'map<int,int>'. (TypeCheckReferences)"
./test_code/Maps_InvalidAssignments_failure.a,8,2,8,22,"Type check failure: the type 'map<double,int>' is unable to store type 'map<int,double>'. (TypeCheckReferences)"
./test_code/Maps_InvalidAssignments_failure.a,9,2,9,22,"Type check failure: the type 'map<int,double>' is unable to store type 'map<int,int>'. (TypeCheckReferences)"
./test_code/Maps_InvalidAssignments_failure.a,9,2,9,22,"Type check failure: the type 'map<int,double>' is unable to store type 'map<double,int>'. (TypeCheckReferences)"
./test_code/Maps_InvalidAssignments_failure.a,1,2,1,20,"Type check failure: the type 'map<int,int>' is unable to store type 'int'. (TypeCheckReferences)"
./test_code/Maps_InvalidAssignments_failure.a,1,2,1,20,"Type check failure: the type 'map<int,int>' is unable to store type 'string'. (TypeCheckReferences)"
./test_code/Maps_InvalidDomains_failure.a,4,2,4,18,"The domain type 'client' is not an appropriate. (TyNativeMap)"
./test_code/Maps_InvalidDomains_failure.a,5,2,5,13,"The domain type 'M' is not an appropriate. (TyNativeMap)"
./test_code/Maps_InvalidDomains_failure.a,7,6,7,7,"Type not found: the type 'K' was not found. (TypeCheckReferences)"
./test_code/Maps_InvalidDomains_failure.a,10,12,10,24,"Type 'map<int,int>' lacks field 'notFound' (FieldLookup)"
./test_code/Maps_InvalidDomains_failure.a,10,12,10,24,"Expression is not a function (FunctionInvoke)"
./test_code/Maps_ReactiveBad_failure.a,1,7,1,23,"The domain type 'client' is not an appropriate. (TyNativeMap)"
./test_code/Maps_ReactiveBad_failure.a,5,2,5,14,"Type 'r<map<client,r<int>>>' lacks field 'nope' (FieldLookup)"
./test_code/Maps_ReactiveBad_failure.a,5,2,5,14,"Expression is not a function (FunctionInvoke)"
./test_code/Maps_ReduceSad_failure.a,10,0,11,1,"The function 'goo' does not return in all cases (FunctionDefine)"
./test_code/Maps_ReduceSad_failure.a,21,11,21,39,"Function '$<foo>' must be a pure function a value (Reduce)"
./test_code/Maps_ReduceSad_failure.a,21,11,21,39,"Function '$<foo>' must return value (Reduce)"
./test_code/Maps_ReduceSad_failure.a,22,11,22,39,"Function invoked with wrong number of arguments. Expected 2, got 1 (FunctionInvoke)"
./test_code/Maps_ReduceSad_failure.a,23,39,23,42,"The variable 'zoo' was not defined (VariableLookup)"
./test_code/Maps_ReduceSad_failure.a,24,11,24,42,"Function '$<foo>' must be a pure function a value (Reduce)"
./test_code/Maps_ReduceSad_failure.a,24,11,24,42,"Function '$<foo>' must return value (Reduce)"
./test_code/Maps_ReduceSad_failure.a,24,11,24,42,"Field 'z' was not found for reduction (Reduce)"
./test_code/NativeTables_BadMethod_failure.a,6,2,6,8,"Type 'table<M>' lacks field 'nope' (FieldLookup)"
./test_code/NativeTables_BadMethod_failure.a,6,2,6,8,"Expression is not a function (FunctionInvoke)"
./test_code/NativeTables_NoMessage_failure.a,1,8,1,9,"Type not found: the type 'M' was not found. (TypeCheckReferences)"
./test_code/Parser_AtomicsBadArrayEOS1_failure.a,2,10,2,11,"File './test_code/Parser_AtomicsBadArrayEOS1_failure.a' failed to parse: Parser expected a `]`, but instead got end of stream. {Token: `[` @ (2,10) -> (2,11): Symbol} (ParseException)"
./test_code/Parser_AtomicsBadArrayEOS1_failure.a,0,0,0,0,"Import failed (Parse): Parser expected a `]`, but instead got end of stream. {Token: `[` @ (2,10) -> (2,11): Symbol} (ImportIssue)"
./test_code/Parser_AtomicsBadArrayEOS2_failure.a,2,10,2,11,"File './test_code/Parser_AtomicsBadArrayEOS2_failure.a' failed to parse: Parser expected a `]`, but instead got end of stream. {Token: `[` @ (2,10) -> (2,11): Symbol} (ParseException)"
./test_code/Parser_AtomicsBadArrayEOS2_failure.a,0,0,0,0,"Import failed (Parse): Parser expected a `]`, but instead got end of stream. {Token: `[` @ (2,10) -> (2,11): Symbol} (ImportIssue)"
./test_code/Parser_AtomicsBadArrayInvalidEnd_failure.a,2,10,2,11,"File './test_code/Parser_AtomicsBadArrayInvalidEnd_failure.a' failed to parse: Parser expected a `]`, but instead got end of stream. {Token: `[` @ (2,10) -> (2,11): Symbol} (ParseException)"
./test_code/Parser_AtomicsBadArrayInvalidEnd_failure.a,0,0,0,0,"Import failed (Parse): Parser expected a `]`, but instead got end of stream. {Token: `[` @ (2,10) -> (2,11): Symbol} (ImportIssue)"
./test_code/Parser_AtomicsBadDouble_failure.a,2,10,2,17,"File './test_code/Parser_AtomicsBadDouble_failure.a' failed to parse: Parser was unable to parse `1.2.3e1` as a double. {Token: `1.2.3e1` @ (2,10) -> (2,17): NumberLiteral:NumberIsDouble} (ParseException)"
./test_code/Parser_AtomicsBadDouble_failure.a,0,0,0,0,"Import failed (Parse): Parser was unable to parse `1.2.3e1` as a double. {Token: `1.2.3e1` @ (2,10) -> (2,17): NumberLiteral:NumberIsDouble} (ImportIssue)"
./test_code/Parser_AtomicsBadEnumSymbol_failure.a,3,11,3,13,"File './test_code/Parser_AtomicsBadEnumSymbol_failure.a' failed to parse: Parser was expecting either an identifier or an `*` after `::`, but got `+` instead. {Token: `::` @ (3,11) -> (3,13): Symbol} (ParseException)"
./test_code/Parser_AtomicsBadEnumSymbol_failure.a,0,0,0,0,"Import failed (Parse): Parser was expecting either an identifier or an `*` after `::`, but got `+` instead. {Token: `::` @ (3,11) -> (3,13): Symbol} (ImportIssue)"
./test_code/Parser_AtomicsBadEnumValueEOS_failure.a,3,11,3,13,"File './test_code/Parser_AtomicsBadEnumValueEOS_failure.a' failed to parse: Parser was expecting either an identifier or an `*` after `::`, but got end of stream instead. {Token: `::` @ (3,11) -> (3,13): Symbol} (ParseException)"
./test_code/Parser_AtomicsBadEnumValueEOS_failure.a,0,0,0,0,"Import failed (Parse): Parser was expecting either an identifier or an `*` after `::`, but got end of stream instead. {Token: `::` @ (3,11) -> (3,13): Symbol} (ImportIssue)"
./test_code/Parser_AtomicsBadHex_failure.a,2,10,2,18,"File './test_code/Parser_AtomicsBadHex_failure.a' failed to parse: Parser was expecting a valid numeric sequence, but got a '0x123x12' instead. {Token: `0x123x12` @ (2,10) -> (2,18): NumberLiteral:NumberIsInteger} (ParseException)"
./test_code/Parser_AtomicsBadHex_failure.a,0,0,0,0,"Import failed (Parse): Parser was expecting a valid numeric sequence, but got a '0x123x12' instead. {Token: `0x123x12` @ (2,10) -> (2,18): NumberLiteral:NumberIsInteger} (ImportIssue)"
./test_code/Parser_AtomicsBadObjectEOS1_failure.a,2,10,2,11,"File './test_code/Parser_AtomicsBadObjectEOS1_failure.a' failed to parse: Parser expected a `}`, but instead got end of stream. {Token: `{` @ (2,10) -> (2,11): Symbol} (ParseException)"
./test_code/Parser_AtomicsBadObjectEOS1_failure.a,0,0,0,0,"Import failed (Parse): Parser expected a `}`, but instead got end of stream. {Token: `{` @ (2,10) -> (2,11): Symbol} (ImportIssue)"
./test_code/Parser_AtomicsBadObjectEOS2_failure.a,2,13,2,16,"File './test_code/Parser_AtomicsBadObjectEOS2_failure.a' failed to parse: Parser expected a `}` or `,`, but instead got end of stream. {Token: `123` @ (2,13) -> (2,16): NumberLiteral:NumberIsInteger} (ParseException)"
./test_code/Parser_AtomicsBadObjectEOS2_failure.a,0,0,0,0,"Import failed (Parse): Parser expected a `}` or `,`, but instead got end of stream. {Token: `123` @ (2,13) -> (2,16): NumberLiteral:NumberIsInteger} (ImportIssue)"
./test_code/Parser_AtomicsBadObjectInvalidEnd_failure.a,2,14,2,15,"File './test_code/Parser_AtomicsBadObjectInvalidEnd_failure.a' failed to parse: Parser expected a `}` or `,`, but instead got `!` {Token: `!` @ (2,14) -> (2,15): Symbol} (ParseException)"
./test_code/Parser_AtomicsBadObjectInvalidEnd_failure.a,0,0,0,0,"Import failed (Parse): Parser expected a `}` or `,`, but instead got `!` {Token: `!` @ (2,14) -> (2,15): Symbol} (ImportIssue)"
./test_code/Parser_AtomicsBadParenthesisEOS_failure.a,2,10,2,11,"File './test_code/Parser_AtomicsBadParenthesisEOS_failure.a' failed to parse: Parser was expecting an atomic expression, but got end of stream instead. {Token: `(` @ (2,10) -> (2,11): Symbol} (ParseException)"
./test_code/Parser_AtomicsBadParenthesisEOS_failure.a,0,0,0,0,"Import failed (Parse): Parser was expecting an atomic expression, but got end of stream instead. {Token: `(` @ (2,10) -> (2,11): Symbol} (ImportIssue)"
./test_code/Parser_AtomicsBadParenthesisUnmatched_failure.a,2,14,2,15,"File './test_code/Parser_AtomicsBadParenthesisUnmatched_failure.a' failed to parse: Parser expected a ), but instead got an `]` {Token: `]` @ (2,14) -> (2,15): Symbol} (ParseException)"
./test_code/Parser_AtomicsBadParenthesisUnmatched_failure.a,0,0,0,0,"Import failed (Parse): Parser expected a ), but instead got an `]` {Token: `]` @ (2,14) -> (2,15): Symbol} (ImportIssue)"
./test_code/Parser_AtomicsBadThing_failure.a,2,16,2,17,"File './test_code/Parser_AtomicsBadThing_failure.a' failed to parse: Parser expected an atomic, but instead got `)` {Token: `)` @ (2,16) -> (2,17): Symbol} (ParseException)"
./test_code/Parser_AtomicsBadThing_failure.a,0,0,0,0,"Import failed (Parse): Parser expected an atomic, but instead got `)` {Token: `)` @ (2,16) -> (2,17): Symbol} (ImportIssue)"
./test_code/Parser_BadChannelHandlerEOS1_failure.a,3,8,3,11,"File './test_code/Parser_BadChannelHandlerEOS1_failure.a' failed to parse: Parser was expecting a Symbol=`(`; instead, the parser got an end of stream. {Token: `foo` @ (3,8) -> (3,11): Identifier} (ParseException)"
./test_code/Parser_BadChannelHandlerEOS1_failure.a,0,0,0,0,"Import failed (Parse): Parser was expecting a Symbol=`(`; instead, the parser got an end of stream. {Token: `foo` @ (3,8) -> (3,11): Identifier} (ImportIssue)"
./test_code/Parser_BadChannelHandlerEOS2_failure.a,3,19,3,20,"File './test_code/Parser_BadChannelHandlerEOS2_failure.a' failed to parse: Parser was expecting a Symbol=`,`; instead, the parser got an end of stream. {Token: `c` @ (3,19) -> (3,20): Identifier} (ParseException)"
./test_code/Parser_BadChannelHandlerEOS2_failure.a,0,0,0,0,"Import failed (Parse): Parser was expecting a Symbol=`,`; instead, the parser got an end of stream. {Token: `c` @ (3,19) -> (3,20): Identifier} (ImportIssue)"
./test_code/Parser_BadChannelHandlerEOS3_failure.a,3,24,3,25,"File './test_code/Parser_BadChannelHandlerEOS3_failure.a' failed to parse: Parser was expecting a Symbol=`)`; instead, the parser got an end of stream. {Token: `m` @ (3,24) -> (3,25): Identifier} (ParseException)"
./test_code/Parser_BadChannelHandlerEOS3_failure.a,0,0,0,0,"Import failed (Parse): Parser was expecting a Symbol=`)`; instead, the parser got an end of stream. {Token: `m` @ (3,24) -> (3,25): Identifier} (ImportIssue)"
./test_code/Parser_BadChannelHandlerEOS4_failure.a,3,14,3,15,"File './test_code/Parser_BadChannelHandlerEOS4_failure.a' failed to parse: Parser was expecting a Symbol=`)`; instead, the parser got an end of stream. {Token: `m` @ (3,14) -> (3,15): Identifier} (ParseException)"
./test_code/Parser_BadChannelHandlerEOS4_failure.a,0,0,0,0,"Import failed (Parse): Parser was expecting a Symbol=`)`; instead, the parser got an end of stream. {Token: `m` @ (3,14) -> (3,15): Identifier} (ImportIssue)"
./test_code/Parser_BadChannelHandlerUnexpected1_failure.a,3,20,3,21,"File './test_code/Parser_BadChannelHandlerUnexpected1_failure.a' failed to parse: Parser was expecting a Symbol=`,`; instead, the parse got Symbol:+. {Token: `+` @ (3,20) -> (3,21): Symbol} (ParseException)"
./test_code/Parser_BadChannelHandlerUnexpected1_failure.a,0,0,0,0,"Import failed (Parse): Parser was expecting a Symbol=`,`; instead, the parse got Symbol:+. {Token: `+` @ (3,20) -> (3,21): Symbol} (ImportIssue)"
./test_code/Parser_BadChannelHandlerUnexpected2_failure.a,3,25,3,26,"File './test_code/Parser_BadChannelHandlerUnexpected2_failure.a' failed to parse: Parser was expecting a Symbol=`)`; instead, the parse got Symbol:+. {Token: `+` @ (3,25) -> (3,26): Symbol} (ParseException)"
./test_code/Parser_BadChannelHandlerUnexpected2_failure.a,0,0,0,0,"Import failed (Parse): Parser was expecting a Symbol=`)`; instead, the parse got Symbol:+. {Token: `+` @ (3,25) -> (3,26): Symbol} (ImportIssue)"
./test_code/Parser_BadChannelHandlerUnexpected3_failure.a,3,13,3,14,"File './test_code/Parser_BadChannelHandlerUnexpected3_failure.a' failed to parse: Parser was expecting an identifier, but got a Symbol:+ instead. {Token: `+` @ (3,13) -> (3,14): Symbol} (ParseException)"
./test_code/Parser_BadChannelHandlerUnexpected3_failure.a,0,0,0,0,"Import failed (Parse): Parser was expecting an identifier, but got a Symbol:+ instead. {Token: `+` @ (3,13) -> (3,14): Symbol} (ImportIssue)"
./test_code/Parser_BadChannelHandlerUnexpected4_failure.a,3,8,3,9,"File './test_code/Parser_BadChannelHandlerUnexpected4_failure.a' failed to parse: Parser was expecting an identifier, but got a Symbol:+ instead. {Token: `+` @ (3,8) -> (3,9): Symbol} (ParseException)"
./test_code/Parser_BadChannelHandlerUnexpected4_failure.a,0,0,0,0,"Import failed (Parse): Parser was expecting an identifier, but got a Symbol:+ instead. {Token: `+` @ (3,8) -> (3,9): Symbol} (ImportIssue)"
./test_code/Parser_BadChannelHandlerUnexpected5_failure.a,3,11,3,12,"File './test_code/Parser_BadChannelHandlerUnexpected5_failure.a' failed to parse: Parser was expecting a Symbol=`(`; instead, the parse got Symbol:!. {Token: `!` @ (3,11) -> (3,12): Symbol} (ParseException)"
./test_code/Parser_BadChannelHandlerUnexpected5_failure.a,0,0,0,0,"Import failed (Parse): Parser was expecting a Symbol=`(`; instead, the parse got Symbol:!. {Token: `!` @ (3,11) -> (3,12): Symbol} (ImportIssue)"
./test_code/Parser_DefineConstructorNoBlockEOS_failure.a,0,0,0,10,"File './test_code/Parser_DefineConstructorNoBlockEOS_failure.a' failed to parse: Parser was expecting an atomic expression, but got end of stream instead. {Token: `@construct` @ (0,0) -> (0,10): Keyword} (ParseException)"
./test_code/Parser_DefineConstructorNoBlockEOS_failure.a,0,0,0,0,"Import failed (Parse): Parser was expecting an atomic expression, but got end of stream instead. {Token: `@construct` @ (0,0) -> (0,10): Keyword} (ImportIssue)"
./test_code/Parser_DefineRecordNoNameEndOfStream_failure.a,0,0,0,6,"File './test_code/Parser_DefineRecordNoNameEndOfStream_failure.a' failed to parse: Parser was expecting an identifier, but got end of stream instead. {Token: `record` @ (0,0) -> (0,6): Identifier} (ParseException)"
./test_code/Parser_DefineRecordNoNameEndOfStream_failure.a,0,0,0,0,"Import failed (Parse): Parser was expecting an identifier, but got end of stream instead. {Token: `record` @ (0,0) -> (0,6): Identifier} (ImportIssue)"
./test_code/Parser_DefineRecordNoNameSymbolInstead_failure.a,0,7,0,8,"File './test_code/Parser_DefineRecordNoNameSymbolInstead_failure.a' failed to parse: Parser was expecting an identifier, but got a Symbol:{ instead. {Token: `{` @ (0,7) -> (0,8): Symbol} (ParseException)"
./test_code/Parser_DefineRecordNoNameSymbolInstead_failure.a,0,0,0,0,"Import failed (Parse): Parser was expecting an identifier, but got a Symbol:{ instead. {Token: `{` @ (0,7) -> (0,8): Symbol} (ImportIssue)"
./test_code/Parser_DispatchEOS1_failure.a,4,9,4,10,"File './test_code/Parser_DispatchEOS1_failure.a' failed to parse: Expected `::`, but got end of stream instead. {Token: `X` @ (4,9) -> (4,10): Identifier} (ParseException)"
./test_code/Parser_DispatchEOS1_failure.a,0,0,0,0,"Import failed (Parse): Expected `::`, but got end of stream instead. {Token: `X` @ (4,9) -> (4,10): Identifier} (ImportIssue)"
./test_code/Parser_DispatchEOS2_failure.a,4,10,4,12,"File './test_code/Parser_DispatchEOS2_failure.a' failed to parse: Expected an id or `*`, but got end of stream instead {Token: `::` @ (4,10) -> (4,12): Symbol} (ParseException)"
./test_code/Parser_DispatchEOS2_failure.a,0,0,0,0,"Import failed (Parse): Expected an id or `*`, but got end of stream instead {Token: `::` @ (4,10) -> (4,12): Symbol} (ImportIssue)"
./test_code/Parser_DotNotAtomic_failure.a,0,9,0,12,"File './test_code/Parser_DotNotAtomic_failure.a' failed to parse: Parser was expecting an atomic expression, but got end of stream instead. {Token: `xyz` @ (0,9) -> (0,12): Identifier} (ParseException)"
./test_code/Parser_DotNotAtomic_failure.a,0,0,0,0,"Import failed (Parse): Parser was expecting an atomic expression, but got end of stream instead. {Token: `xyz` @ (0,9) -> (0,12): Identifier} (ImportIssue)"
./test_code/Parser_DoWhileEOS_failure.a,3,2,3,3,"File './test_code/Parser_DoWhileEOS_failure.a' failed to parse: Parser was expecting `while`, but got an end of the stream instead. {Token: `}` @ (3,2) -> (3,3): Symbol} (ParseException)"
./test_code/Parser_DoWhileEOS_failure.a,0,0,0,0,"Import failed (Parse): Parser was expecting `while`, but got an end of the stream instead. {Token: `}` @ (3,2) -> (3,3): Symbol} (ImportIssue)"
./test_code/Parser_DoWhileNoWhile_failure.a,3,4,3,5,"File './test_code/Parser_DoWhileNoWhile_failure.a' failed to parse: Parser was expecting keyword:`while`, but got `(` instead. {Token: `(` @ (3,4) -> (3,5): Symbol} (ParseException)"
./test_code/Parser_DoWhileNoWhile_failure.a,0,0,0,0,"Import failed (Parse): Parser was expecting keyword:`while`, but got `(` instead. {Token: `(` @ (3,4) -> (3,5): Symbol} (ImportIssue)"
./test_code/Parser_EnumEmpty_failure.a,0,0,0,12,"enum 'Name' has no values (EnumStorage)"
./test_code/Parser_EnumEndOfStreamAfterColon_failure.a,0,15,0,16,"File './test_code/Parser_EnumEndOfStreamAfterColon_failure.a' failed to parse: Parser was expecting an integer after ':', but got end of stream instead. {Token: `:` @ (0,15) -> (0,16): Symbol} (ParseException)"
./test_code/Parser_EnumEndOfStreamAfterColon_failure.a,0,0,0,0,"Import failed (Parse): Parser was expecting an integer after ':', but got end of stream instead. {Token: `:` @ (0,15) -> (0,16): Symbol} (ImportIssue)"
./test_code/Parser_EnumEndOfStreamAfterLabel_failure.a,0,14,0,15,"File './test_code/Parser_EnumEndOfStreamAfterLabel_failure.a' failed to parse: Parser was expecting either a Symbol=} or an Identifier to define a new enum label, but got end of stream instead. {Token: `Y` @ (0,14) -> (0,15): Identifier} (ParseException)"
./test_code/Parser_EnumEndOfStreamAfterLabel_failure.a,0,0,0,0,"Import failed (Parse): Parser was expecting either a Symbol=} or an Identifier to define a new enum label, but got end of stream instead. {Token: `Y` @ (0,14) -> (0,15): Identifier} (ImportIssue)"
./test_code/Parser_EnumErrorNoIdentLabel_failure.a,0,12,0,13,"File './test_code/Parser_EnumErrorNoIdentLabel_failure.a' failed to parse: Parser was expecting an identifier, but got a NumberLiteral:1 instead. {Token: `1` @ (0,12) -> (0,13): NumberLiteral:NumberIsInteger} (ParseException)"
./test_code/Parser_EnumErrorNoIdentLabel_failure.a,0,0,0,0,"Import failed (Parse): Parser was expecting an identifier, but got a NumberLiteral:1 instead. {Token: `1` @ (0,12) -> (0,13): NumberLiteral:NumberIsInteger} (ImportIssue)"
./test_code/Parser_EnumErrorNoName_failure.a,0,6,0,7,"File './test_code/Parser_EnumErrorNoName_failure.a' failed to parse: Parser was expecting an identifier, but got a Symbol:{ instead. {Token: `{` @ (0,6) -> (0,7): Symbol} (ParseException)"
./test_code/Parser_EnumErrorNoName_failure.a,0,0,0,0,"Import failed (Parse): Parser was expecting an identifier, but got a Symbol:{ instead. {Token: `{` @ (0,6) -> (0,7): Symbol} (ImportIssue)"
./test_code/Parser_EnumErrorNoOpenBrace_failure.a,0,10,0,11,"File './test_code/Parser_EnumErrorNoOpenBrace_failure.a' failed to parse: Parser was expecting a Symbol=`{`; instead, the parse got Identifier:X. {Token: `X` @ (0,10) -> (0,11): Identifier} (ParseException)"
./test_code/Parser_EnumErrorNoOpenBrace_failure.a,0,0,0,0,"Import failed (Parse): Parser was expecting a Symbol=`{`; instead, the parse got Identifier:X. {Token: `X` @ (0,10) -> (0,11): Identifier} (ImportIssue)"
./test_code/Parser_EnumNoIntegerAfterColon_failure.a,0,15,0,16,"File './test_code/Parser_EnumNoIntegerAfterColon_failure.a' failed to parse: Parser was expecting a valid numeric sequence, but got a Identifier instead. {Token: `Y` @ (0,15) -> (0,16): Identifier} (ParseException)"
./test_code/Parser_EnumNoIntegerAfterColon_failure.a,0,0,0,0,"Import failed (Parse): Parser was expecting a valid numeric sequence, but got a Identifier instead. {Token: `Y` @ (0,15) -> (0,16): Identifier} (ImportIssue)"
./test_code/Parser_ForeachEOS_failure.a,1,10,1,11,"File './test_code/Parser_ForeachEOS_failure.a' failed to parse: Parser was expecting `in`, but got an end of the stream instead. {Token: `x` @ (1,10) -> (1,11): Identifier} (ParseException)"
./test_code/Parser_ForeachEOS_failure.a,0,0,0,0,"Import failed (Parse): Parser was expecting `in`, but got an end of the stream instead. {Token: `x` @ (1,10) -> (1,11): Identifier} (ImportIssue)"
./test_code/Parser_ForeachNoInToken_failure.a,1,12,1,13,"File './test_code/Parser_ForeachNoInToken_failure.a' failed to parse: Parser was expecting `in`, but got `:` instead. {Token: `:` @ (1,12) -> (1,13): Symbol} (ParseException)"
./test_code/Parser_ForeachNoInToken_failure.a,0,0,0,0,"Import failed (Parse): Parser was expecting `in`, but got `:` instead. {Token: `:` @ (1,12) -> (1,13): Symbol} (ImportIssue)"
./test_code/Parser_GlobalDefineVariableHangingNoDefault_failure.a,0,13,0,14,"File './test_code/Parser_GlobalDefineVariableHangingNoDefault_failure.a' failed to parse: Parser was expecting an atomic expression, but got end of stream instead. {Token: `=` @ (0,13) -> (0,14): Symbol} (ParseException)"
./test_code/Parser_GlobalDefineVariableHangingNoDefault_failure.a,0,0,0,0,"Import failed (Parse): Parser was expecting an atomic expression, but got end of stream instead. {Token: `=` @ (0,13) -> (0,14): Symbol} (ImportIssue)"
./test_code/Parser_GlobalDefineVariableHangingNoSemicolon_failure.a,0,11,0,12,"File './test_code/Parser_GlobalDefineVariableHangingNoSemicolon_failure.a' failed to parse: Parser was expecting a Symbol=`;`; instead, the parser got an end of stream. {Token: `x` @ (0,11) -> (0,12): Identifier} (ParseException)"
./test_code/Parser_GlobalDefineVariableHangingNoSemicolon_failure.a,0,0,0,0,"Import failed (Parse): Parser was expecting a Symbol=`;`; instead, the parser got an end of stream. {Token: `x` @ (0,11) -> (0,12): Identifier} (ImportIssue)"
./test_code/Parser_GlobalDefineVariableNoName_failure.a,0,11,0,12,"File './test_code/Parser_GlobalDefineVariableNoName_failure.a' failed to parse: Parser was expecting an identifier, but got a Symbol:; instead. {Token: `;` @ (0,11) -> (0,12): Symbol} (ParseException)"
./test_code/Parser_GlobalDefineVariableNoName_failure.a,0,0,0,0,"Import failed (Parse): Parser was expecting an identifier, but got a Symbol:; instead. {Token: `;` @ (0,11) -> (0,12): Symbol} (ImportIssue)"
./test_code/Parser_GlobalDefineVariablePolicyOnly_failure.a,0,0,0,6,"File './test_code/Parser_GlobalDefineVariablePolicyOnly_failure.a' failed to parse: Parser was expecting a reactive type, but got an end of stream instead. {Token: `public` @ (0,0) -> (0,6): Identifier} (ParseException)"
./test_code/Parser_GlobalDefineVariablePolicyOnly_failure.a,0,0,0,0,"Import failed (Parse): Parser was expecting a reactive type, but got an end of stream instead. {Token: `public` @ (0,0) -> (0,6): Identifier} (ImportIssue)"
./test_code/Parser_IncompleteArgList_failure.a,0,13,0,14,"File './test_code/Parser_IncompleteArgList_failure.a' failed to parse: Parser was expecting a Symbol=`)`; instead, the parser got an end of stream. {Token: `(` @ (0,13) -> (0,14): Symbol} (ParseException)"
./test_code/Parser_IncompleteArgList_failure.a,0,0,0,0,"Import failed (Parse): Parser was expecting a Symbol=`)`; instead, the parser got an end of stream. {Token: `(` @ (0,13) -> (0,14): Symbol} (ImportIssue)"
./test_code/Parser_IncompleteField_failure.a,2,13,2,14,"File './test_code/Parser_IncompleteField_failure.a' failed to parse: Parser was expecting an identifier, but instead got end of stream. {Token: `.` @ (2,13) -> (2,14): Symbol} (ParseException)"
./test_code/Parser_IncompleteField_failure.a,0,0,0,0,"Import failed (Parse): Parser was expecting an identifier, but instead got end of stream. {Token: `.` @ (2,13) -> (2,14): Symbol} (ImportIssue)"
./test_code/Parser_IncompleteHandler_failure.a,2,11,2,12,"File './test_code/Parser_IncompleteHandler_failure.a' failed to parse: Parser expected a type, but instead got end of stream {Token: `(` @ (2,11) -> (2,12): Symbol} (ParseException)"
./test_code/Parser_IncompleteHandler_failure.a,0,0,0,0,"Import failed (Parse): Parser expected a type, but instead got end of stream {Token: `(` @ (2,11) -> (2,12): Symbol} (ImportIssue)"
./test_code/Parser_IncompleteParen_failure.a,0,8,0,9,"File './test_code/Parser_IncompleteParen_failure.a' failed to parse: Parser expected a ), but instead got end of stream. {Token: `(` @ (0,8) -> (0,9): Symbol} (ParseException)"
./test_code/Parser_IncompleteParen_failure.a,0,0,0,0,"Import failed (Parse): Parser expected a ), but instead got end of stream. {Token: `(` @ (0,8) -> (0,9): Symbol} (ImportIssue)"
./test_code/Parser_IngestFailureEOS_failure.a,11,20,11,22,"File './test_code/Parser_IngestFailureEOS_failure.a' failed to parse: Parser tried to read a identifier, but got end of stream {Token: `as` @ (11,20) -> (11,22): Identifier} (ParseException)"
./test_code/Parser_IngestFailureEOS_failure.a,0,0,0,0,"Import failed (Parse): Parser tried to read a identifier, but got end of stream {Token: `as` @ (11,20) -> (11,22): Identifier} (ImportIssue)"
./test_code/Parser_InvalidCharacterFast_failure.a,0,0,0,0,"File './test_code/Parser_InvalidCharacterFast_failure.a' failed to lex: Failed to understand codepoint:96('`') (ParseException)"
./test_code/Parser_InvalidCharacterFast_failure.a,0,0,0,0,"Import failed (Lex): Failed to understand codepoint:96('`') (ImportIssue)"
./test_code/Parser_InvalidCharacterSlow_failure.a,0,0,0,0,"File './test_code/Parser_InvalidCharacterSlow_failure.a' failed to lex: Codepoint fell outside of valid range:29503('\u733f') is outside of [0, 256) (ParseException)"
./test_code/Parser_InvalidCharacterSlow_failure.a,0,0,0,0,"Import failed (Lex): Codepoint fell outside of valid range:29503('\u733f') is outside of [0, 256) (ImportIssue)"
./test_code/Parser_InvalidLong_failure.a,1,11,1,19,"File './test_code/Parser_InvalidLong_failure.a' failed to parse: Parser was expecting a valid integral sequence, but got a '123x01xL' instead. {Token: `123x01xL` @ (1,11) -> (1,19): NumberLiteral:NumberIsInteger} (ParseException)"
./test_code/Parser_InvalidLong_failure.a,0,0,0,0,"Import failed (Parse): Parser was expecting a valid integral sequence, but got a '123x01xL' instead. {Token: `123x01xL` @ (1,11) -> (1,19): NumberLiteral:NumberIsInteger} (ImportIssue)"
./test_code/Parser_InvalidMultiPolicyRecord_failure.a,6,19,6,20,"File './test_code/Parser_InvalidMultiPolicyRecord_failure.a' failed to parse: Parser was expecting one of the following symbols:,, >; instead, the parse got Symbol:+. {Token: `+` @ (6,19) -> (6,20): Symbol} (ParseException)"
./test_code/Parser_InvalidMultiPolicyRecord_failure.a,0,0,0,0,"Import failed (Parse): Parser was expecting one of the following symbols:,, >; instead, the parse got Symbol:+. {Token: `+` @ (6,19) -> (6,20): Symbol} (ImportIssue)"
./test_code/Parser_MaybeIncompleteEOS_failure.a,2,6,2,12,"File './test_code/Parser_MaybeIncompleteEOS_failure.a' failed to parse: Parser was expected either a '<' or '(' after @maybe, but got end of stream instead. {Token: `@maybe` @ (2,6) -> (2,12): Keyword} (ParseException)"
./test_code/Parser_MaybeIncompleteEOS_failure.a,0,0,0,0,"Import failed (Parse): Parser was expected either a '<' or '(' after @maybe, but got end of stream instead. {Token: `@maybe` @ (2,6) -> (2,12): Keyword} (ImportIssue)"
./test_code/Parser_MaybeIncompleteSymbol_failure.a,2,12,2,13,"File './test_code/Parser_MaybeIncompleteSymbol_failure.a' failed to parse: Parser was expected either a '<' or '(' after @maybe, but got `+` instead. {Token: `+` @ (2,12) -> (2,13): Symbol} (ParseException)"
./test_code/Parser_MaybeIncompleteSymbol_failure.a,0,0,0,0,"Import failed (Parse): Parser was expected either a '<' or '(' after @maybe, but got `+` instead. {Token: `+` @ (2,12) -> (2,13): Symbol} (ImportIssue)"
./test_code/Parser_ParenBadClose1_failure.a,1,12,1,13,"File './test_code/Parser_ParenBadClose1_failure.a' failed to parse: Parser expected a ), but instead got an `]` {Token: `]` @ (1,12) -> (1,13): Symbol} (ParseException)"
./test_code/Parser_ParenBadClose1_failure.a,0,0,0,0,"Import failed (Parse): Parser expected a ), but instead got an `]` {Token: `]` @ (1,12) -> (1,13): Symbol} (ImportIssue)"
./test_code/Parser_ParenBadClose2_failure.a,1,14,1,15,"File './test_code/Parser_ParenBadClose2_failure.a' failed to parse: Parser expected a ), but instead got an `]` {Token: `]` @ (1,14) -> (1,15): Symbol} (ParseException)"
./test_code/Parser_ParenBadClose2_failure.a,0,0,0,0,"Import failed (Parse): Parser expected a ), but instead got an `]` {Token: `]` @ (1,14) -> (1,15): Symbol} (ImportIssue)"
./test_code/Parser_ParenEOS1_failure.a,1,10,1,11,"File './test_code/Parser_ParenEOS1_failure.a' failed to parse: Parser expected a ), but instead got end of stream. {Token: `(` @ (1,10) -> (1,11): Symbol} (ParseException)"
./test_code/Parser_ParenEOS1_failure.a,0,0,0,0,"Import failed (Parse): Parser expected a ), but instead got end of stream. {Token: `(` @ (1,10) -> (1,11): Symbol} (ImportIssue)"
./test_code/Parser_ParenEOS2_failure.a,1,12,1,13,"File './test_code/Parser_ParenEOS2_failure.a' failed to parse: Parser was expecting an atomic expression, but got end of stream instead. {Token: `,` @ (1,12) -> (1,13): Symbol} (ParseException)"
./test_code/Parser_ParenEOS2_failure.a,0,0,0,0,"Import failed (Parse): Parser was expecting an atomic expression, but got end of stream instead. {Token: `,` @ (1,12) -> (1,13): Symbol} (ImportIssue)"
./test_code/Parser_ParenEOS3_failure.a,1,12,1,13,"File './test_code/Parser_ParenEOS3_failure.a' failed to parse: Parser expected a ',' or ')', but instead got end of stream. {Token: `,` @ (1,12) -> (1,13): Symbol} (ParseException)"
./test_code/Parser_ParenEOS3_failure.a,0,0,0,0,"Import failed (Parse): Parser expected a ',' or ')', but instead got end of stream. {Token: `,` @ (1,12) -> (1,13): Symbol} (ImportIssue)"
./test_code/Parser_PureFunctionMustReturn_failure.a,0,16,0,17,"File './test_code/Parser_PureFunctionMustReturn_failure.a' failed to parse: Parser was expecting -> for the pure function, and pure functions must have return types. {Token: `)` @ (0,16) -> (0,17): Symbol} (ParseException)"
./test_code/Parser_PureFunctionMustReturn_failure.a,0,0,0,0,"Import failed (Parse): Parser was expecting -> for the pure function, and pure functions must have return types. {Token: `)` @ (0,16) -> (0,17): Symbol} (ImportIssue)"
./test_code/Parser_StaticIncomplete_failure.a,2,2,2,3,"File './test_code/Parser_StaticIncomplete_failure.a' failed to parse: Parser was expecting either a Symbol=} or an Identifier to define a new enum label, but got end of stream instead. {Token: `}` @ (2,2) -> (2,3): Symbol} (ParseException)"
./test_code/Parser_StaticIncomplete_failure.a,0,0,0,0,"Import failed (Parse): Parser was expecting either a Symbol=} or an Identifier to define a new enum label, but got end of stream instead. {Token: `}` @ (2,2) -> (2,3): Symbol} (ImportIssue)"
./test_code/Parser_StaticUknown_failure.a,1,2,1,5,"File './test_code/Parser_StaticUknown_failure.a' failed to parse: Parser was expecting a static definition. Candidates are create, invent, send {Token: `foo` @ (1,2) -> (1,5): Identifier} (ParseException)"
./test_code/Parser_StaticUknown_failure.a,0,0,0,0,"Import failed (Parse): Parser was expecting a static definition. Candidates are create, invent, send {Token: `foo` @ (1,2) -> (1,5): Identifier} (ImportIssue)"
./test_code/Parser_StringEscapingBadUnicodeHex_failure.a,0,0,0,0,"File './test_code/Parser_StringEscapingBadUnicodeHex_failure.a' failed to lex: Unrecognized hex value within the unicode escape value:33('!') (ParseException)"
./test_code/Parser_StringEscapingBadUnicodeHex_failure.a,0,0,0,0,"Import failed (Lex): Unrecognized hex value within the unicode escape value:33('!') (ImportIssue)"
./test_code/Parser_StringEscapingBad_failure.a,0,0,0,0,"File './test_code/Parser_StringEscapingBad_failure.a' failed to lex: Unrecognized string escape value:122('z') (ParseException)"
./test_code/Parser_StringEscapingBad_failure.a,0,0,0,0,"Import failed (Lex): Unrecognized string escape value:122('z') (ImportIssue)"
./test_code/Parser_TupleEOS1_failure.a,1,2,1,7,"File './test_code/Parser_TupleEOS1_failure.a' failed to parse: Parser was expecting a Symbol=`<`; instead, the parser got an end of stream. {Token: `tuple` @ (1,2) -> (1,7): Identifier} (ParseException)"
./test_code/Parser_TupleEOS1_failure.a,0,0,0,0,"Import failed (Parse): Parser was expecting a Symbol=`<`; instead, the parser got an end of stream. {Token: `tuple` @ (1,2) -> (1,7): Identifier} (ImportIssue)"
./test_code/Parser_TupleEOS2_failure.a,0,0,0,0,"File './test_code/Parser_TupleEOS2_failure.a' failed to import due (ImportIssue)"
./test_code/Parser_TupleEOS2_failure.a,0,0,0,0,"Import failed (Unknown) (ImportIssue)"
./test_code/Parser_TupleEOS3_failure.a,1,12,1,13,"File './test_code/Parser_TupleEOS3_failure.a' failed to parse: Parser was expecting one of the following symbols:,, >; instead, the parser got an end of stream. {Token: `3` @ (1,12) -> (1,13): NumberLiteral:NumberIsInteger} (ParseException)"
./test_code/Parser_TupleEOS3_failure.a,0,0,0,0,"Import failed (Parse): Parser was expecting one of the following symbols:,, >; instead, the parser got an end of stream. {Token: `3` @ (1,12) -> (1,13): NumberLiteral:NumberIsInteger} (ImportIssue)"
./test_code/Policy_ContextVariablesBadTypes_failure.a,1,2,1,8,"Type check failure: the type 'bool' is unable to store type 'int'. (TypeCheckReferences)"
./test_code/Policy_ContextVariablesBadTypes_failure.a,1,9,3,3,"The 'create' policy must return a boolean (DocumentEvents)"
./test_code/Policy_ContextVariablesBadTypes_failure.a,4,2,4,8,"Type check failure: the type 'bool' is unable to store type 'string'. (TypeCheckReferences)"
./test_code/Policy_ContextVariablesBadTypes_failure.a,4,9,6,3,"The 'invent' policy must return a boolean (DocumentEvents)"
./test_code/Policy_ContextVariablesBadTypes_failure.a,7,20,7,24,"Type check failure: must have a type of 'int', but the type is actually 'bool' (TypeCheckFailures)"
./test_code/Policy_ContextVariablesBadTypes_failure.a,8,20,8,22,"Type check failure: must have a type of 'bool', but the type is actually 'int' (TypeCheckFailures)"
./test_code/Policy_EmptyEnvironment_failure.a,3,20,3,21,"The variable 'x' was not defined (VariableLookup)"
./test_code/ReadOnly_FutureResultReadOnly_failure.a,8,2,8,3,"The variable 'x' is readonly (VariableLookup)"
./test_code/ReadOnly_FutureResultReadOnly_failure.a,8,2,8,5,"The field 'x' is on a readonly message (FieldLookup)"
./test_code/ReadOnly_ProcedureArgs_failure.a,5,2,5,3,"The variable 'x' is readonly (VariableLookup)"
./test_code/ReadOnly_SimpleBool_failure.a,4,2,4,3,"The variable 'y' is readonly (VariableLookup)"
./test_code/ReadOnly_SimpleBool_failure.a,6,2,6,3,"The variable 'z' is readonly (VariableLookup)"
./test_code/ReadOnly_SimpleClient_failure.a,3,2,3,3,"The variable 'y' is readonly (VariableLookup)"
./test_code/ReadOnly_SimpleClient_failure.a,5,2,5,3,"The variable 'z' is readonly (VariableLookup)"
./test_code/ReadOnly_SimpleDouble_failure.a,3,2,3,3,"The variable 'y' is readonly (VariableLookup)"
./test_code/ReadOnly_SimpleDouble_failure.a,5,2,5,3,"The variable 'z' is readonly (VariableLookup)"
./test_code/ReadOnly_SimpleEnum_failure.a,4,2,4,3,"The variable 'y' is readonly (VariableLookup)"
./test_code/ReadOnly_SimpleEnum_failure.a,6,2,6,3,"The variable 'z' is readonly (VariableLookup)"
./test_code/ReadOnly_SimpleInteger_failure.a,3,2,3,3,"The variable 'y' is readonly (VariableLookup)"
./test_code/ReadOnly_SimpleInteger_failure.a,5,2,5,3,"The variable 'z' is readonly (VariableLookup)"
./test_code/ReadOnly_SimpleLong_failure.a,3,2,3,3,"The variable 'y' is readonly (VariableLookup)"
./test_code/ReadOnly_SimpleLong_failure.a,5,2,5,3,"The variable 'z' is readonly (VariableLookup)"
./test_code/ReadOnly_SimpleMaybe_failure.a,3,2,3,3,"The variable 'x' is readonly (VariableLookup)"
./test_code/ReadOnly_SimpleMaybe_failure.a,5,2,5,3,"The variable 'y' is readonly (VariableLookup)"
./test_code/ReadOnly_SimpleString_failure.a,3,2,3,3,"The variable 'y' is readonly (VariableLookup)"
./test_code/ReadOnly_SimpleString_failure.a,5,2,5,3,"The variable 'z' is readonly (VariableLookup)"
./test_code/ReadOnly_SimpleString_failure.a,7,2,7,3,"The variable 'k' is readonly (VariableLookup)"
./test_code/Records_AssignmentIssues_failure.a,4,0,4,7,"Type check failure: the type 'r<maybe<R>>' is unable to store type 'R'. (TypeCheckReferencesX)"
./test_code/Records_AssignmentIssues_failure.a,0,0,2,1,"The type 'R' is not applicable for assignment (=) (Assignment)"
./test_code/Records_AssignmentIssues_failure.a,0,0,2,1,"Reactive pointers must be initialized (DefinePtr)"
./test_code/Records_ClientRefNotFound_failure.a,1,2,1,14,"Field 'c' was not defined within the record (ViewerPolicy)"
./test_code/Records_DuplicateFields_failure.a,2,2,2,16,"Field 'x' was already defined (StructureDefine)"
./test_code/Records_DuplicateFields_failure.a,8,2,9,3,"Function 'foo' does not return in all cases (MethodDefine)"
./test_code/Records_DuplicatePolicy_failure.a,4,9,6,3,"Policy 'x' was already defined (RecordMethodDefine)"
./test_code/Records_DuplicateViewerComputeFields_failure.a,2,2,2,15,"Bubble 'x' was already defined (StructureDefine)"
./test_code/Records_DuplicateViewerComputeFields_failure.a,3,2,3,15,"Bubble 'x' was already defined (StructureDefine)"
./test_code/Records_DuplicateViewerComputeFields_failure.a,5,2,5,15,"Bubble 'y' was already defined (StructureDefine)"
./test_code/Records_FailedFindPolicyForView_failure.a,1,2,1,12,"Policy 'p' was not found (CustomPolicy)"
./test_code/Records_IdMustBeInt_failure.a,0,0,2,1,"id must be type int (Record)"
./test_code/Records_InvalidFormula_failure.a,1,21,1,22,"The variable 'y' was not defined (VariableLookup)"
./test_code/Records_InvalidFormula_failure.a,1,2,1,27,"Variable 'x' has no backing type (EnvironmentDefine)"
./test_code/Records_PolicyNotFound_failure.a,1,2,1,15,"Policy 'p' was not found (UseCustomPolicy)"
./test_code/Return_ShouldntReturnButDoes_failure.a,1,2,1,11,"The return statement expects no expression (ReturnFlow)"
./test_code/Return_ShouldReturnButDoesnt_failure.a,1,2,1,9,"The return statement expected an expression of type `int` (ReturnFlow)"
./test_code/Service_AlreadyExists_failure.a,8,0,15,1,"'internal' was already defined as an aspect within the service. (ServiceDefine)"
./test_code/Service_AlreadyExists_failure.a,8,0,15,1,"'send' was already defined as a method within the service. (ServiceDefine)"
./test_code/Service_AlreadyExists_failure.a,16,0,18,1,"The service 'sms' was already defined. (DocumentDefine)"
./test_code/Service_CantDoInPolicy_failure.a,16,2,16,10,"Remove invocation not available in this scope (FunctionInvoke)"
./test_code/Service_MethodHasTypeNotFound_failure.a,1,2,1,41,"Type not found: a message named 'SendRequest' was not found. (TypeCheckReferences)"
./test_code/Service_MethodHasTypeNotFound_failure.a,1,2,1,41,"Type not found: a message named 'SendResponse' was not found. (TypeCheckReferences)"
./test_code/Testing_CantForceOutsideOfTest_failure.a,2,2,2,8,"Forcing a step designed exclusively for testing (Testing)"
./test_code/Testing_CantPumpOutsideOfTest_failure.a,8,2,8,29,"Pumping a message is designed exclusively for testing (Testing)"
./test_code/Testing_PumpNoChannel_failure.a,6,2,6,30,"Channel 'chanx' does not exist (Testing)"
./test_code/Testing_PumpNoMessage_failure.a,0,0,0,16,"Type not found: a message named 'X' was not found. (TypeCheckReferences)"
./test_code/Testing_PumpNoMessage_failure.a,3,2,3,29,"Type not found: a message named 'X' was not found. (TypeCheckReferences)"
./test_code/Testing_PumpNoMessage_failure.a,4,8,4,11,"Type check failure: must have a type of 'message', but got a type of 'int'. (TypeCheckReferences)"
./test_code/Testing_PumpNoMessage_failure.a,4,2,4,19,"Channel 'x' does not exist (Testing)"
./test_code/Transition_RequiresNumber_failure.a,6,22,6,26,"Type check failure: Must have a type of 'int' or 'double', but the type is actually 'bool' (TypeCheckFailures)"
./test_code/Transition_RequiresNumber_failure.a,2,23,2,26,"Type check failure: Must have a type of 'int' or 'double', but the type is actually 'string' (TypeCheckFailures)"
./test_code/Types_BadEnumConstants_failure.a,7,11,7,15,"Type incorrect: expecting 'M' to be an enumeration; instead, found a type of 'M'. (TypeCheckReferences)"
./test_code/Types_BadEnumConstants_failure.a,8,11,8,15,"Type incorrect: expecting 'R' to be an enumeration; instead, found a type of 'R'. (TypeCheckReferences)"
./test_code/Types_BadEnumConstants_failure.a,9,11,9,18,"Type not found: an enumeration named 'Nope' was not found. (TypeCheckReferences)"
./test_code/Types_BadEnumConstants_failure.a,10,11,10,15,"Type incorrect: expecting 'M' to be an enumeration; instead, found a type of 'M'. (TypeCheckReferences)"
./test_code/Types_BadEnumConstants_failure.a,11,11,11,15,"Type incorrect: expecting 'R' to be an enumeration; instead, found a type of 'R'. (TypeCheckReferences)"
./test_code/Types_BadEnumConstants_failure.a,12,11,12,18,"Type not found: an enumeration named 'Nope' was not found. (TypeCheckReferences)"
./test_code/Types_BadEnumConstants_failure.a,13,11,13,21,"Type incorrect: expecting 'M' to be an enumeration; instead, found a type of 'M'. (TypeCheckReferences)"
./test_code/Types_BadEnumConstants_failure.a,14,11,14,21,"Type incorrect: expecting 'R' to be an enumeration; instead, found a type of 'R'. (TypeCheckReferences)"
./test_code/Types_BadEnumConstants_failure.a,15,11,15,24,"Type not found: an enumeration named 'Nope' was not found. (TypeCheckReferences)"
./test_code/Types_BadMaybe_failure.a,1,18,1,26,"Could not find a meaning for 'int' / 'bool' (OperatorTable)"
./test_code/Types_BadMaybe_failure.a,2,11,2,20,"Type check failure: the type 'maybe<42>' is unable to store type 'maybe<42>'. (TypeCheckReferences)"
./test_code/Types_LabelNotFound_failure.a,2,10,2,15,"State machine transition not found: a state machine label 'nope' was not found. (StateMachineLabels)"
./test_code/Types_ReactiveAssignmentMismatches_failure.a,14,12,14,13,"Type check failure: the type 'int' is unable to store type 'maybe<int>'. (TypeCheckReferences)"
./test_code/Types_ReactiveAssignmentMismatches_failure.a,10,0,10,5,"Type check failure: the type 'r<label>' is unable to store type 'int'. (TypeCheckReferences)"
./test_code/Types_ReactiveAssignmentMismatches_failure.a,16,10,16,21,"Variable 'z' was already defined (EnvironmentDefine)"
./test_code/Web_BadSpecialContext_failure.a,1,10,1,21,"@parameters is only available in web paths (WHO)"
./test_code/Web_BadSpecialContext_failure.a,5,10,5,18,"@headers is only available in web paths (WHO)"
./test_code/Web_BadUriTypes_failure.a,0,9,0,26,"The parameter type must be int, long, double, string, or boolean (WebUri)"
./test_code/Web_BadUriTypes_failure.a,0,0,2,1,"The @web handlers must return a message (Web)"
./test_code/Web_BadUriTypes_failure.a,6,9,6,26,"The parameter type must be int, long, double, string, or boolean (WebUri)"
./test_code/Web_BadUriTypes_failure.a,6,0,8,1,"The @web handlers must return a message (Web)"
./test_code/Web_BadVerb_failure.a,0,0,0,4,"File './test_code/Web_BadVerb_failure.a' failed to parse: Parser was get or put after @web to indicate a read (i.e. get) or write (i.e. put) request {Token: `@web` @ (0,0) -> (0,4): Keyword} (ParseException)"
./test_code/Web_BadVerb_failure.a,0,0,0,0,"Import failed (Parse): Parser was get or put after @web to indicate a read (i.e. get) or write (i.e. put) request {Token: `@web` @ (0,0) -> (0,4): Keyword} (ImportIssue)"
./test_code/Web_NoReturn_failure.a,0,0,1,1,"The @web handlers must return a message (Web)"
./test_code/Web_NoReturn_failure.a,5,0,6,1,"The @web handlers must return a message (Web)"
./test_code/Who_CantStateTransition_failure.a,1,10,1,14,"@who is only available from static policies, document policies, privacy policies, bubbles, web paths, and message handlers (WHO)"
